"1ac13ccce9fc4a66bda9b79406227128","230519100042","2023/5/8 00:00:00","2229","南库区新4号仓","20230314-2229-1114-15110","1","2,3","21221","3,4,2,4,6|5,3,4,5,2","531","无","90","辛莹","2023/5/19 17:19:32","1","系统超级管理员","2024/5/31 14:06:05","161","仓储管理科","100101006","陕西省储备粮扶风直属库有限公司","6cc0722f8c6e49a295b67368ed5460d0","0","d","2024/5/31 14:06:05"
"cc39d95e7dae41938c0146890cd6cc4a","230519100043","2023/5/8 00:00:00","2242","南库区老2号仓","20230313-2242-1114-15107","1","5,8","21221","5,4,2,4,6|5,3,4,5,0","531","无","90","辛莹","2023/5/19 17:20:41","1","系统超级管理员","2024/5/31 14:06:36","161","仓储管理科","100101006","陕西省储备粮扶风直属库有限公司","6cc0722f8c6e49a295b67368ed5460d0","0","d","2024/5/31 14:06:36"
"9b6e135f6bb342f3a005b26eb132f453","230519100044","2023/5/8 00:00:00","2233","南库区新8号仓","20230314-2233-1114-15121","1","5,9","21221","3,2,2,4,6|5,3,4,5,8","531","无","90","辛莹","2023/5/19 17:21:32","1","系统超级管理员","2024/5/31 14:06:36","161","仓储管理科","100101006","陕西省储备粮扶风直属库有限公司","6cc0722f8c6e49a295b67368ed5460d0","0","d","2024/5/31 14:06:36"
"d12d8c888fb84ad682b9a4d6df2e35ba","230519100045","2023/5/8 00:00:00","2243","南库区老4号仓","20230314-2243-1114-15130","1","5,4","21221","3,4,2,4,6|5,3,4,5,2","531","无","1233","刘斌","2023/5/19 17:23:11","1","系统超级管理员","2024/5/31 14:06:36","122","陕西省储备粮扶风直属库有限公司","100101006","陕西省储备粮扶风直属库有限公司","146a328c2f1942d2999f974cc8a26281","0","d","2024/5/31 14:06:36"
"0890e42d0f9a4a9db6ab88d46045826b","230519100046","2023/5/8 00:00:00","2246","南库区老10号仓","20230314-2246-1114-15133","1","4,8","21221","1,4,2,4,6|5,3,4,5,0","531","无","1233","刘斌","2023/5/19 17:23:49","1","系统超级管理员","2024/5/31 14:06:36","122","陕西省储备粮扶风直属库有限公司","100101006","陕西省储备粮扶风直属库有限公司","146a328c2f1942d2999f974cc8a26281","0","d","2024/5/31 14:06:36"
"c0401cef31614bb7bf9172d54da47ae8","230519100047","2023/5/8 00:00:00","2226","南库区新1号仓","20230313-2226-1114-15106","1","1,5","21221","4,4,2,2,6|2,3,4,5,0","531","无","91","张宝侠","2023/5/19 20:04:00","1","系统超级管理员","2024/5/31 14:06:36","161","仓储管理科","100101006","陕西省储备粮扶风直属库有限公司","bf8c845fadfb431ba0c18ddb354b7831","0","d","2024/5/31 14:06:36"
"9d142505471342749eaaad51c909915f","230519100048","2023/5/8 00:00:00","2247","南库区老11号仓","20230314-2247-1114-15134","1","5,5","21221","2,3,2,4,6|5,3,4,5,1","531","无","91","张宝侠","2023/5/19 20:04:52","1","系统超级管理员","2024/5/31 14:06:37","161","仓储管理科","100101006","陕西省储备粮扶风直属库有限公司","bf8c845fadfb431ba0c18ddb354b7831","0","d","2024/5/31 14:06:36"
"6d41903be5bf4c3eabd8ca6eb42d96fb","230519100049","2023/5/8 00:00:00","2248","南库区老12号仓","20230314-2248-1114-15135","1","3,8","21221","4,4,3,4,9|5,3,4,5,4","531","无","91","张宝侠","2023/5/19 20:05:40","1","系统超级管理员","2024/5/31 14:06:37","161","仓储管理科","100101006","陕西省储备粮扶风直属库有限公司","bf8c845fadfb431ba0c18ddb354b7831","0","d","2024/5/31 14:06:37"
"dbd39591a8e841c5a3f45bbdc21041ae","230519100050","2023/5/8 00:00:00","2227","南库区新2号仓","20230314-2227-1114-15109","1","9,11","21221","3,4,2,4,6|5,3,4,5,2","531","无","96","韩嘉鑫","2023/5/19 20:07:37","1","系统超级管理员","2024/5/31 14:06:37","161","仓储管理科","100101006","陕西省储备粮扶风直属库有限公司","a0ee77e91c104d0ca8d3ce878b9b9b9c","0","d","2024/5/31 14:06:37"
"9913df6d769243c2a863979049aa9c03","230519100051","2023/5/8 00:00:00","2231","南库区新6号仓","20230314-2231-1114-15114","1","7,9","21221","5,4,2,4,6|5,3,4,5,9","531","无","96","韩嘉鑫","2023/5/19 20:09:02","1","系统超级管理员","2024/5/31 14:06:37","161","仓储管理科","100101006","陕西省储备粮扶风直属库有限公司","a0ee77e91c104d0ca8d3ce878b9b9b9c","0","d","2024/5/31 14:06:37"
"eeb6d506082043df8a6664889f9f3041","230519100052","2023/5/8 00:00:00","2244","南库区老6号仓","20230314-2244-1114-15131","1","4,9","21221","3,4,2,4,6|5,3,4,5,8","531","无","96","韩嘉鑫","2023/5/19 20:09:51","1","系统超级管理员","2024/5/31 14:06:37","161","仓储管理科","100101006","陕西省储备粮扶风直属库有限公司","a0ee77e91c104d0ca8d3ce878b9b9b9c","0","d","2024/5/31 14:06:37"
"b6a3cc9d2d2747f299c752c2fa5e984e","230519100053","2023/5/8 00:00:00","2228","南库区新3号仓","20230314-2228-1114-15108","1","7,7","21221","1,4,2,4,6|5,3,4,7,7","531","无","98","刘萍（小）","2023/5/19 20:12:58","1","系统超级管理员","2024/5/31 14:06:47","161","仓储管理科","100101006","陕西省储备粮扶风直属库有限公司","22d81a22cb58415da3ad240b2f970dad","0","d","2024/5/31 14:06:47"
"177812d1d04e4f01ac611e3894b78bde","230519100054","2023/5/8 00:00:00","2555","南库区新9号仓","20230314-2555-1114-15122","1","8,13","21221","3,4,2,4,6|5,3,4,5,2","531","无","98","刘萍（小）","2023/5/19 20:13:41","1","系统超级管理员","2024/5/31 14:06:47","161","仓储管理科","100101006","陕西省储备粮扶风直属库有限公司","22d81a22cb58415da3ad240b2f970dad","0","d","2024/5/31 14:06:47"
"6309ede50cb04d41906ecd957d82b13e","230519100055","2023/5/8 00:00:00","2230","南库区新5号仓","20230314-2230-1114-15111","1","5,8","21221","4,4,2,4,6|5,3,4,5,5","531","无","98","刘萍（小）","2023/5/19 20:14:37","1","系统超级管理员","2024/5/31 14:06:47","161","仓储管理科","100101006","陕西省储备粮扶风直属库有限公司","22d81a22cb58415da3ad240b2f970dad","0","d","2024/5/31 14:06:47"
"7b53708e18c04e799132095e09f3e27e","230519100056","2023/5/8 00:00:00","2238","南库区新13号仓","20230314-2238-1114-15126","1","4,4","21221","5,5,6,4,6|5,3,4,5,7","531","无","92","付祥","2023/5/19 20:16:39","1","系统超级管理员","2024/5/31 14:06:47","161","仓储管理科","100101006","陕西省储备粮扶风直属库有限公司","abf32cb53d9b4b8f9ce1e2d07c8bc005","0","d","2024/5/31 14:06:47"
"4eb072cbdc074ebc9a5b32aca120cf6b","230519100057","2023/5/8 00:00:00","2239","南库区新14号仓","20230314-2239-1114-15127","1","7,9","21221","3,4,2,4,6|5,3,4,5,2","531","无","92","付祥","2023/5/19 20:17:08","1","系统超级管理员","2024/5/31 14:06:47","161","仓储管理科","100101006","陕西省储备粮扶风直属库有限公司","abf32cb53d9b4b8f9ce1e2d07c8bc005","0","d","2024/5/31 14:06:47"
"366164a9b1b84e0db0dc17650108d17c","230519100058","2023/5/8 00:00:00","2240","南库区新15号仓","20230314-2240-1114-15128","1","5,9","21221","8,8,2,4,9|5,3,4,5,8","531","无","92","付祥","2023/5/19 20:17:49","1","系统超级管理员","2024/5/31 14:06:47","161","仓储管理科","100101006","陕西省储备粮扶风直属库有限公司","abf32cb53d9b4b8f9ce1e2d07c8bc005","0","d","2024/5/31 14:06:47"
"eacb6f1d59bb4e509c861ac17f45dfe0","230519100059","2023/5/8 00:00:00","2232","南库区新7号仓","20230314-2232-1114-15120","1","7,11","21221","3,4,2,4,6|5,3,4,5,2","531","无","94","郭君","2023/5/19 20:19:09","1","系统超级管理员","2024/5/31 14:06:47","161","仓储管理科","100101006","陕西省储备粮扶风直属库有限公司","d518b8cac9b64f4b9d8e418e3373eeef","0","d","2024/5/31 14:06:47"
"d4fe55bdc7994f84b25d1eea6b397881","230519100060","2023/5/8 00:00:00","2235","南库区新10号仓","20230314-2235-1114-15123","1","8,9","21221","3,4,2,4,6|5,3,4,5,2","531","无","94","郭君","2023/5/19 20:19:54","1","系统超级管理员","2024/5/31 14:06:47","161","仓储管理科","100101006","陕西省储备粮扶风直属库有限公司","d518b8cac9b64f4b9d8e418e3373eeef","0","d","2024/5/31 14:06:47"
"0e250207055e4eccbc30006e4515a075","230519100061","2023/5/8 00:00:00","2236","南库区新11号仓","20230314-2236-1114-15124","1","8,8","21221","7,4,4,4,8|7,9,9,5,8","531","无","94","郭君","2023/5/19 20:20:48","1","系统超级管理员","2024/5/31 14:06:47","161","仓储管理科","100101006","陕西省储备粮扶风直属库有限公司","d518b8cac9b64f4b9d8e418e3373eeef","0","d","2024/5/31 14:06:47"
"5850b1b8051744f6849187fe8daa882e","230519100062","2023/5/8 00:00:00","2241","南库区新16号仓","20230314-2241-1114-15129","1","5,5","21221","4,4,2,4,4|5,5,4,5,5","531","无","97","崔熙林","2023/5/19 20:23:17","1","系统超级管理员","2024/5/31 14:06:48","161","仓储管理科","100101006","陕西省储备粮扶风直属库有限公司","b916b73b8ad946fcaec4d3526010b4d9","0","d","2024/5/31 14:06:48"
"4cf782c982cc41e9a1658f698bef0ded","230519100063","2023/5/8 00:00:00","2245","南库区老8号仓","20230314-2245-1114-15132","1","7,9","21221","2,4,2,6,6|4,4,4,5,2","531","无","97","崔熙林","2023/5/19 20:24:15","1","系统超级管理员","2024/5/31 14:06:53","161","仓储管理科","100101006","陕西省储备粮扶风直属库有限公司","b916b73b8ad946fcaec4d3526010b4d9","0","d","2024/5/31 14:06:53"
"7f5c05cc8d4644aab1e450e72a416bf7","230519100064","2023/5/8 00:00:00","2232","南库区新7号仓","20230314-2232-1114-15120","1","4,6","21221","2,4,2,4,4|5,3,4,5,5","531","无","97","崔熙林","2023/5/19 20:25:01","1","系统超级管理员","2024/5/31 14:06:53","161","仓储管理科","100101006","陕西省储备粮扶风直属库有限公司","b916b73b8ad946fcaec4d3526010b4d9","0","d","2024/5/31 14:06:53"
"ca24eaeb884349568df8baf4fe4970cb","230520100065","2023/5/15 00:00:00","2226","南库区新1号仓","20230313-2226-1114-15106","1","5,6","21221","3,4,2,4,6|5,3,4,5,2","531","无","91","张宝侠","2023/5/20 16:36:29","1","系统超级管理员","2024/5/31 14:06:53","161","仓储管理科","100101006","陕西省储备粮扶风直属库有限公司","bf8c845fadfb431ba0c18ddb354b7831","0","d","2024/5/31 14:06:53"
"544958da7eba4367838c472450a5474f","230520100066","2023/5/15 00:00:00","2247","南库区老11号仓","20230314-2247-1114-15134","1","7,9","21221","1,4,2,3,6|5,4,4,5,5","531","无","91","张宝侠","2023/5/20 16:37:29","1","系统超级管理员","2024/5/31 14:06:53","161","仓储管理科","100101006","陕西省储备粮扶风直属库有限公司","bf8c845fadfb431ba0c18ddb354b7831","0","d","2024/5/31 14:06:53"
"9175ee096da54eccb2af30e5809ad013","230520100067","2023/5/15 00:00:00","2248","南库区老12号仓","20230314-2248-1114-15135","1","3,6,9","21221","3,4,2,4,6|5,3,4,5,2","531","无","91","张宝侠","2023/5/20 16:38:09","1","系统超级管理员","2024/5/31 14:06:53","161","仓储管理科","100101006","陕西省储备粮扶风直属库有限公司","bf8c845fadfb431ba0c18ddb354b7831","0","d","2024/5/31 14:06:53"
"09eb9c15d78f4116ad10e75d9b3bbbe2","230520100068","2023/5/15 00:00:00","2227","南库区新2号仓","20230314-2227-1114-15109","1","7,8,11","21221","3,3,2,5,6|4,3,4,5,6","531","无","96","韩嘉鑫","2023/5/20 16:39:45","1","系统超级管理员","2024/5/31 14:06:53","161","仓储管理科","100101006","陕西省储备粮扶风直属库有限公司","a0ee77e91c104d0ca8d3ce878b9b9b9c","0","d","2024/5/31 14:06:53"
"27249cc7b44248ac9655e4768c221ad9","230520100069","2023/5/15 00:00:00","2231","南库区新6号仓","20230314-2231-1114-15114","1","4,5,12","21221","3,4,2,4,6|5,4,4,5,5","531","无","96","韩嘉鑫","2023/5/20 16:40:28","1","系统超级管理员","2024/5/31 14:06:53","161","仓储管理科","100101006","陕西省储备粮扶风直属库有限公司","a0ee77e91c104d0ca8d3ce878b9b9b9c","0","d","2024/5/31 14:06:53"
"8afad6dd1c374c8db711eacac923b176","230520100070","2023/5/15 00:00:00","2244","南库区老6号仓","20230314-2244-1114-15131","1","4,5,9,11","21221","3,4,2,4,6|5,3,4,5,4","531","无","96","韩嘉鑫","2023/5/20 16:41:10","1","系统超级管理员","2024/5/31 14:06:53","161","仓储管理科","100101006","陕西省储备粮扶风直属库有限公司","a0ee77e91c104d0ca8d3ce878b9b9b9c","0","d","2024/5/31 14:06:53"
"685734c58ce44d0fbecf9c055264beb7","230520100071","2023/5/15 00:00:00","2228","南库区新3号仓","20230314-2228-1114-15108","1","3,5,7","21221","3,5,2,4,6|5,3,4,6,8","531","无","98","刘萍（小）","2023/5/20 16:42:53","1","系统超级管理员","2024/5/31 14:06:53","161","仓储管理科","100101006","陕西省储备粮扶风直属库有限公司","22d81a22cb58415da3ad240b2f970dad","0","d","2024/5/31 14:06:53"
"fa0268817d1749ffb0d02052094a3467","230520100072","2023/5/15 00:00:00","2230","南库区新5号仓","20230314-2230-1114-15111","1","4,5,8,10","21221","3,4,2,4,6|5,3,4,5,5","531","无","98","刘萍（小）","2023/5/20 16:43:40","1","系统超级管理员","2024/5/31 14:06:54","161","仓储管理科","100101006","陕西省储备粮扶风直属库有限公司","22d81a22cb58415da3ad240b2f970dad","0","d","2024/5/31 14:06:54"
"d872b46b522f4c6a94f605b21cc13d8d","230520100073","2023/5/15 00:00:00","2555","南库区新9号仓","20230314-2555-1114-15122","1","5,8","21221","2,4,2,4,8|5,3,4,5,7","531","无","98","刘萍（小）","2023/5/20 16:44:24","1","系统超级管理员","2024/5/31 14:06:57","161","仓储管理科","100101006","陕西省储备粮扶风直属库有限公司","22d81a22cb58415da3ad240b2f970dad","0","d","2024/5/31 14:06:57"
"faf89dbd526845788c9a97f3d99a0e96","230520100074","2023/5/15 00:00:00","2229","南库区新4号仓","20230314-2229-1114-15110","1","4,9","21221","2,4,2,4,6|5,3,4,5,7","531","无","90","辛莹","2023/5/20 16:45:47","1","系统超级管理员","2024/5/31 14:06:58","161","仓储管理科","100101006","陕西省储备粮扶风直属库有限公司","6cc0722f8c6e49a295b67368ed5460d0","0","d","2024/5/31 14:06:58"
"2a92598eaea54d4f8d88be7fa55e812f","230520100075","2023/5/15 00:00:00","2233","南库区新8号仓","20230314-2233-1114-15121","1","3,6","21221","3,4,2,4,6|5,3,4,5,2","531","无","90","辛莹","2023/5/20 16:46:17","1","系统超级管理员","2024/5/31 14:06:58","161","仓储管理科","100101006","陕西省储备粮扶风直属库有限公司","6cc0722f8c6e49a295b67368ed5460d0","0","d","2024/5/31 14:06:58"
"a9d977ebff6c47f4b4ef7c27472b12e4","230520100076","2023/5/15 00:00:00","2242","南库区老2号仓","20230313-2242-1114-15107","1","2,5,8","21221","3,4,2,2,6|6,3,4,5,7","531","无","90","辛莹","2023/5/20 16:46:56","1","系统超级管理员","2024/5/31 14:06:58","161","仓储管理科","100101006","陕西省储备粮扶风直属库有限公司","6cc0722f8c6e49a295b67368ed5460d0","0","d","2024/5/31 14:06:58"
"7069fb44f9b34914bb91d48d190434d8","230520100077","2023/5/15 00:00:00","2238","南库区新13号仓","20230314-2238-1114-15126","1","3,6","21221","3,4,2,4,6|5,3,4,5,2","531","无","92","付祥","2023/5/20 16:48:20","1","系统超级管理员","2024/5/31 14:06:58","161","仓储管理科","100101006","陕西省储备粮扶风直属库有限公司","abf32cb53d9b4b8f9ce1e2d07c8bc005","0","d","2024/5/31 14:06:58"
"fbcfd823746b46108194a894be5c8ae1","230520100078","2023/5/15 00:00:00","2239","南库区新14号仓","20230314-2239-1114-15127","1","2,5,7","21221","2,4,2,4,6|5,3,4,6,3","531","无","92","付祥","2023/5/20 16:49:08","1","系统超级管理员","2024/5/31 14:06:58","161","仓储管理科","100101006","陕西省储备粮扶风直属库有限公司","abf32cb53d9b4b8f9ce1e2d07c8bc005","0","d","2024/5/31 14:06:58"
"03f3dc7409a048c6aa466cddd6adf323","230520100079","2023/5/15 00:00:00","2240","南库区新15号仓","20230314-2240-1114-15128","1","2,4,6","21221","1,4,2,4,5|5,3,1,4,6","531","无","92","付祥","2023/5/20 16:49:53","1","系统超级管理员","2024/5/31 14:06:58","161","仓储管理科","100101006","陕西省储备粮扶风直属库有限公司","abf32cb53d9b4b8f9ce1e2d07c8bc005","0","d","2024/5/31 14:06:58"
"18c60d31ff074461bcb01abe675a1637","230520100080","2023/5/15 00:00:00","2235","南库区新10号仓","20230314-2235-1114-15123","1","3,5,6","21221","3,4,2,4,6|5,3,4,5,2","531","无","94","郭君","2023/5/20 16:52:13","1","系统超级管理员","2024/5/31 14:06:58","161","仓储管理科","100101006","陕西省储备粮扶风直属库有限公司","d518b8cac9b64f4b9d8e418e3373eeef","0","d","2024/5/31 14:06:58"
"c8079199bb00400ab272ab1de6172460","230520100081","2023/5/15 00:00:00","2236","南库区新11号仓","20230314-2236-1114-15124","1","2,3,4,5,6","21221","2,4,2,4,6|5,3,4,5,4","531","无","94","郭君","2023/5/20 16:52:48","1","系统超级管理员","2024/5/31 14:06:58","161","仓储管理科","100101006","陕西省储备粮扶风直属库有限公司","d518b8cac9b64f4b9d8e418e3373eeef","0","d","2024/5/31 14:06:58"
"3f7136ecd1a44a7bad21353d60b9a5b5","230520100082","2023/5/15 00:00:00","2237","南库区新12号仓","20230314-2237-1114-15125","1","2,5","21221","3,4,2,4,6|5,3,4,5,2","531","无","94","郭君","2023/5/20 16:53:13","1","系统超级管理员","2024/5/31 14:06:58","161","仓储管理科","100101006","陕西省储备粮扶风直属库有限公司","d518b8cac9b64f4b9d8e418e3373eeef","0","d","2024/5/31 14:06:58"
"f701aa9af6c548a091f940993304542b","230520100083","2023/5/15 00:00:00","2232","南库区新7号仓","20230314-2232-1114-15120","1","3,4,5","21221","3,4,2,4,6|5,3,4,5,2","531","无","97","崔熙林","2023/5/20 16:54:30","1","系统超级管理员","2024/5/31 14:07:08","161","仓储管理科","100101006","陕西省储备粮扶风直属库有限公司","b916b73b8ad946fcaec4d3526010b4d9","0","d","2024/5/31 14:07:08"
"a7e76961c7734848854ab50f66e8676f","230520100084","2023/5/15 00:00:00","2241","南库区新16号仓","20230314-2241-1114-15129","1","2,6","21221","2,3,2,3,6|5,3,4,5,7","531","无","97","崔熙林","2023/5/20 16:55:12","1","系统超级管理员","2024/5/31 14:07:08","161","仓储管理科","100101006","陕西省储备粮扶风直属库有限公司","b916b73b8ad946fcaec4d3526010b4d9","0","d","2024/5/31 14:07:08"
"58e806bd7313496f80ac1d02e3a4e2a2","230520100085","2023/5/15 00:00:00","2245","南库区老8号仓","20230314-2245-1114-15132","1","9,10","21221","3,4,2,4,6|5,3,4,5,2","531","无","97","崔熙林","2023/5/20 16:55:43","1","系统超级管理员","2024/5/31 14:07:08","161","仓储管理科","100101006","陕西省储备粮扶风直属库有限公司","b916b73b8ad946fcaec4d3526010b4d9","0","d","2024/5/31 14:07:08"
"f7b4869ee6ef4737af1e6563fefc440f","230520100086","2023/5/15 00:00:00","2243","南库区老4号仓","20230314-2243-1114-15130","1","3,4,5,6","21221","3,4,2,4,6|5,3,4,5,6","531","无","1233","刘斌","2023/5/20 16:57:03","1","系统超级管理员","2024/5/31 14:07:08","122","陕西省储备粮扶风直属库有限公司","100101006","陕西省储备粮扶风直属库有限公司","146a328c2f1942d2999f974cc8a26281","0","d","2024/5/31 14:07:08"
"a61f1ce62d834f81b72fcc274c44978a","230520100087","2023/5/15 00:00:00","2246","南库区老10号仓","20230314-2246-1114-15133","1","2,3,4","21221","3,4,2,4,6|5,3,4,5,2","531","无","1233","刘斌","2023/5/20 16:57:34","1","系统超级管理员","2024/5/31 14:07:08","122","陕西省储备粮扶风直属库有限公司","100101006","陕西省储备粮扶风直属库有限公司","146a328c2f1942d2999f974cc8a26281","0","d","2024/5/31 14:07:08"
"f1f14cd25f3a4082a3bd78e07df3235a","230522100091","2023/4/3 00:00:00","2249","北库区15号仓","20230314-2249-1114-15136","1","5,6,7","21211","3,4,2,4,8|5,3,4,5,2","532","无","114","王博","2023/5/22 08:47:18","114","王博","2023/11/14 13:53:37","163","陕西省储备粮扶风直属库有限公司北库区","100101006001","陕西省储备粮扶风直属库有限公司北库区","03f1ac6b4ed64b47a46e036edc2daed9","3","n",""
"d9a64465235e4f2489b961ba349c56c0","230522100092","2023/4/3 00:00:00","2250","北库区16号仓","20230314-2250-1114-15137","1","7,8,9","21211","2,4,4,7,8|5,3,4,5,2","532","无","114","王博","2023/5/22 08:53:15","114","王博","2023/11/14 13:53:37","163","陕西省储备粮扶风直属库有限公司北库区","100101006001","陕西省储备粮扶风直属库有限公司北库区","03f1ac6b4ed64b47a46e036edc2daed9","3","n",""
"be38581a95534f499c37132e1e4376b8","230522100093","2023/4/14 00:00:00","2253","北库区19号仓","20230314-2253-1114-15138","1","7,8","21211","3,4,2,4,6|5,3,4,5,2","532","无","114","王博","2023/5/22 09:00:54","114","王博","2023/11/14 13:53:37","163","陕西省储备粮扶风直属库有限公司北库区","100101006001","陕西省储备粮扶风直属库有限公司北库区","03f1ac6b4ed64b47a46e036edc2daed9","3","n",""
"e0238a56649a49108cea5a2e0198c99e","230522100094","2023/5/22 00:00:00","2226","南库区新1号仓","20230313-2226-1114-15106","1","4,6","21221","3,4,2,4,6|5,3,4,5,2","531","无","91","张宝侠","2023/5/22 09:27:20","1","系统超级管理员","2024/5/31 14:07:08","161","仓储管理科","100101006","陕西省储备粮扶风直属库有限公司","bf8c845fadfb431ba0c18ddb354b7831","0","d","2024/5/31 14:07:08"
"b171e3c2aea84eb8adc684125b2118ac","230522100095","2023/5/22 00:00:00","2247","南库区老11号仓","20230314-2247-1114-15134","1","3,5,7","21221","3,4,2,4,6|5,3,4,5,2","531","无","91","张宝侠","2023/5/22 09:29:12","1","系统超级管理员","2024/5/31 14:07:09","161","仓储管理科","100101006","陕西省储备粮扶风直属库有限公司","bf8c845fadfb431ba0c18ddb354b7831","0","d","2024/5/31 14:07:09"
"4d43062cc8e04f939ce472dd5ea17597","230522100096","2023/5/22 00:00:00","2248","南库区老12号仓","20230314-2248-1114-15135","1","2,5,7","21221","3,4,2,4,6|5,3,4,5,3","531","无","91","张宝侠","2023/5/22 09:29:53","1","系统超级管理员","2024/5/31 14:07:09","161","仓储管理科","100101006","陕西省储备粮扶风直属库有限公司","bf8c845fadfb431ba0c18ddb354b7831","0","d","2024/5/31 14:07:09"
"5a7c655029d944868dec8aca76891666","230522100097","2023/5/22 00:00:00","2227","南库区新2号仓","20230314-2227-1114-15109","1","2,3,4","21221","3,4,2,4,6|5,3,4,5,2","531","无","96","韩嘉鑫","2023/5/22 09:36:01","1","系统超级管理员","2024/5/31 14:07:09","161","仓储管理科","100101006","陕西省储备粮扶风直属库有限公司","a0ee77e91c104d0ca8d3ce878b9b9b9c","0","d","2024/5/31 14:07:09"
"57eae51a19d94fb68e6f96619a409f71","230522100098","2023/5/22 00:00:00","2231","南库区新6号仓","20230314-2231-1114-15114","1","2,3,4","21221","3,4,2,4,6|5,3,4,5,4","531","无","96","韩嘉鑫","2023/5/22 09:36:36","1","系统超级管理员","2024/5/31 14:07:09","161","仓储管理科","100101006","陕西省储备粮扶风直属库有限公司","a0ee77e91c104d0ca8d3ce878b9b9b9c","0","d","2024/5/31 14:07:09"
"85af4618c06b4b9b86f7b4ad8257cbc8","230522100099","2023/5/22 00:00:00","2244","南库区老6号仓","20230314-2244-1114-15131","1","2,3","21221","2,4,2,4,6|5,3,4,5,2","531","无","96","韩嘉鑫","2023/5/22 09:39:05","1","系统超级管理员","2024/5/31 14:07:13","161","仓储管理科","100101006","陕西省储备粮扶风直属库有限公司","a0ee77e91c104d0ca8d3ce878b9b9b9c","0","d","2024/5/31 14:07:13"
"5e3ef813140c4dc982421ec5242985d3","230522100100","2023/5/22 00:00:00","2228","南库区新3号仓","20230314-2228-1114-15108","1","2,3","21221","1,4,2,4,6|6,3,4,5,3","531","无","98","刘萍（小）","2023/5/22 09:41:07","1","系统超级管理员","2024/5/31 14:07:13","161","仓储管理科","100101006","陕西省储备粮扶风直属库有限公司","22d81a22cb58415da3ad240b2f970dad","0","d","2024/5/31 14:07:13"
"5e9541c8aff24e738470d2185f073587","230522100101","2023/5/22 00:00:00","2230","南库区新5号仓","20230314-2230-1114-15111","1","4,5","21221","3,4,2,4,6|5,3,4,5,2","531","无","98","刘萍（小）","2023/5/22 09:41:37","1","系统超级管理员","2024/5/31 14:07:13","161","仓储管理科","100101006","陕西省储备粮扶风直属库有限公司","22d81a22cb58415da3ad240b2f970dad","0","d","2024/5/31 14:07:13"
"964a076024c643098730bc471c90d4f9","230522100102","2023/5/22 00:00:00","2555","南库区新9号仓","20230314-2555-1114-15122","1","3,4,7","21221","3,4,2,4,6|5,3,4,4,3","531","无","98","刘萍（小）","2023/5/22 09:42:15","1","系统超级管理员","2024/5/31 14:07:13","161","仓储管理科","100101006","陕西省储备粮扶风直属库有限公司","22d81a22cb58415da3ad240b2f970dad","0","d","2024/5/31 14:07:13"
"88f3ec7fd9f4405ebaff228cd0ea6f19","230522100103","2023/5/22 00:00:00","2229","南库区新4号仓","20230314-2229-1114-15110","1","1,2,4","21221","2,4,2,4,6|5,3,4,5,3","531","无","90","辛莹","2023/5/22 09:43:55","1","系统超级管理员","2024/5/31 14:07:13","161","仓储管理科","100101006","陕西省储备粮扶风直属库有限公司","6cc0722f8c6e49a295b67368ed5460d0","0","d","2024/5/31 14:07:13"
"5db5e9ee28bb447cb8bde0122187e0de","230522100104","2023/5/22 00:00:00","2233","南库区新8号仓","20230314-2233-1114-15121","1","2,3,4","21221","3,4,2,4,6|5,3,4,5,2","531","无","90","辛莹","2023/5/22 09:44:24","1","系统超级管理员","2024/5/31 14:07:13","161","仓储管理科","100101006","陕西省储备粮扶风直属库有限公司","6cc0722f8c6e49a295b67368ed5460d0","0","d","2024/5/31 14:07:13"
"775eb7c3ce834a6abf3916cf2a6783c5","230522100105","2023/5/22 00:00:00","2242","南库区老2号仓","20230313-2242-1114-15107","1","2,3,4","21221","2,4,2,4,6|5,3,4,5,3","531","无","90","辛莹","2023/5/22 09:44:59","1","系统超级管理员","2024/5/31 14:07:13","161","仓储管理科","100101006","陕西省储备粮扶风直属库有限公司","6cc0722f8c6e49a295b67368ed5460d0","0","d","2024/5/31 14:07:13"
"317489fd19814b6a834b51072b7b086b","230522100106","2023/5/22 00:00:00","2232","南库区新7号仓","20230314-2232-1114-15120","1","2,3","21221","3,4,2,4,6|5,3,4,5,2","531","无","97","崔熙林","2023/5/22 09:54:33","1","系统超级管理员","2024/5/31 14:07:13","161","仓储管理科","100101006","陕西省储备粮扶风直属库有限公司","b916b73b8ad946fcaec4d3526010b4d9","0","d","2024/5/31 14:07:13"
"2a15c9436ceb4b86aeeb5fffe0186e24","230522100107","2023/5/22 00:00:00","2241","南库区新16号仓","20230314-2241-1114-15129","1","4,7,8","21221","2,4,2,4,6|5,3,4,5,1","531","无","97","崔熙林","2023/5/22 09:55:12","1","系统超级管理员","2024/5/31 14:07:14","161","仓储管理科","100101006","陕西省储备粮扶风直属库有限公司","b916b73b8ad946fcaec4d3526010b4d9","0","d","2024/5/31 14:07:13"
"57f79870861947e1b0769c9de0d050db","230522100108","2023/5/22 00:00:00","2245","南库区老8号仓","20230314-2245-1114-15132","1","1,3","21221","3,4,2,4,6|5,3,4,5,2","531","无","97","崔熙林","2023/5/22 09:55:40","1","系统超级管理员","2024/5/31 14:07:14","161","仓储管理科","100101006","陕西省储备粮扶风直属库有限公司","b916b73b8ad946fcaec4d3526010b4d9","0","d","2024/5/31 14:07:14"
"f5f4e580e48545c49b15cacd2814bb0a","230522100109","2023/5/22 00:00:00","2235","南库区新10号仓","20230314-2235-1114-15123","1","1,2","21221","3,4,2,4,6|5,3,4,5,2","531","无","94","郭君","2023/5/22 09:58:11","1","系统超级管理员","2024/5/31 14:07:18","161","仓储管理科","100101006","陕西省储备粮扶风直属库有限公司","d518b8cac9b64f4b9d8e418e3373eeef","0","d","2024/5/31 14:07:18"
"61e35d202342475b808eb775ed81a230","230522100110","2023/5/22 00:00:00","2236","南库区新11号仓","20230314-2236-1114-15124","1","2","21221","1,4,2,4,6|5,3,4,5,2","531","无","94","郭君","2023/5/22 09:58:38","1","系统超级管理员","2024/5/31 14:07:18","161","仓储管理科","100101006","陕西省储备粮扶风直属库有限公司","d518b8cac9b64f4b9d8e418e3373eeef","0","d","2024/5/31 14:07:18"
"b113770d91a742a4934dd65ada75f28d","230522100111","2023/5/22 00:00:00","2237","南库区新12号仓","20230314-2237-1114-15125","1","2,3,4","21221","2,4,2,4,6|5,3,4,5,3","531","无","94","郭君","2023/5/22 09:59:10","1","系统超级管理员","2024/5/31 14:07:19","161","仓储管理科","100101006","陕西省储备粮扶风直属库有限公司","d518b8cac9b64f4b9d8e418e3373eeef","0","d","2024/5/31 14:07:19"
"a82dd106b71e4d1aa5033cf630e96c85","230522100112","2023/5/22 00:00:00","2238","南库区新13号仓","20230314-2238-1114-15126","1","2,3,4","21221","3,4,2,4,6|5,3,4,5,2","531","无","92","付祥","2023/5/22 10:00:49","1","系统超级管理员","2024/5/31 14:07:19","161","仓储管理科","100101006","陕西省储备粮扶风直属库有限公司","abf32cb53d9b4b8f9ce1e2d07c8bc005","0","d","2024/5/31 14:07:19"
"10df84c042634f36b45eeb330c4ab1b3","230522100113","2023/5/22 00:00:00","2239","南库区新14号仓","20230314-2239-1114-15127","1","2,3,4","21221","2,4,2,4,6|5,3,4,3,2","531","无","92","付祥","2023/5/22 10:01:20","1","系统超级管理员","2024/5/31 14:07:19","161","仓储管理科","100101006","陕西省储备粮扶风直属库有限公司","abf32cb53d9b4b8f9ce1e2d07c8bc005","0","d","2024/5/31 14:07:19"
"29d10a45e3f04c27995a5bc7fda1998c","230522100114","2023/5/22 00:00:00","2240","南库区新15号仓","20230314-2240-1114-15128","1","4,5","21221","3,4,2,4,6|5,3,4,4,3","531","无","92","付祥","2023/5/22 10:01:49","1","系统超级管理员","2024/5/31 14:07:19","161","仓储管理科","100101006","陕西省储备粮扶风直属库有限公司","abf32cb53d9b4b8f9ce1e2d07c8bc005","0","d","2024/5/31 14:07:19"
"f796e4d97a394c339332fc78c5a61614","230522100115","2023/5/22 00:00:00","2243","南库区老4号仓","20230314-2243-1114-15130","1","2,3","21221","3,4,2,4,6|5,3,4,5,2","531","无","1233","刘斌","2023/5/22 10:03:10","1","系统超级管理员","2024/5/31 14:07:19","122","陕西省储备粮扶风直属库有限公司","100101006","陕西省储备粮扶风直属库有限公司","146a328c2f1942d2999f974cc8a26281","0","d","2024/5/31 14:07:19"
"183e521723014618bbc65a8a950ddb59","230522100116","2023/5/22 00:00:00","2246","南库区老10号仓","20230314-2246-1114-15133","1","2,3,4,5","21221","2,4,2,4,6|4,3,4,5,1","531","无","1233","刘斌","2023/5/22 10:03:42","1","系统超级管理员","2024/5/31 14:07:19","122","陕西省储备粮扶风直属库有限公司","100101006","陕西省储备粮扶风直属库有限公司","146a328c2f1942d2999f974cc8a26281","0","d","2024/5/31 14:07:19"
"ce0580c186db4559be3fe64b45b393f8","230522100117","2023/5/15 00:00:00","2249","北库区15号仓","20230314-2249-1114-15136","1","2,3","21221","3,4,2,4,6|5,3,4,5,2","531","无","115","杨少锋","2023/5/22 10:05:18","115","杨少锋","2023/11/14 13:53:44","163","陕西省储备粮扶风直属库有限公司北库区","100101006001","陕西省储备粮扶风直属库有限公司北库区","9ebd0b3542d74d3bb4e7842f23462f1b","2","n",""
"aead953db1c4467388d2b54de94322af","230522100118","2023/5/15 00:00:00","2250","北库区16号仓","20230314-2250-1114-15137","1","3,4","21221","5,4,2,4,6|5,3,4,2,1","531","无","115","杨少锋","2023/5/22 10:06:12","115","杨少锋","2023/11/14 13:53:45","163","陕西省储备粮扶风直属库有限公司北库区","100101006001","陕西省储备粮扶风直属库有限公司北库区","9ebd0b3542d74d3bb4e7842f23462f1b","2","n",""
"703fdda3a2ed461a921eb8b0db4b49fc","230522100119","2023/5/22 00:00:00","2249","北库区15号仓","20230314-2249-1114-15136","1","2,3,4","21221","3,4,2,4,6|5,3,4,6,4","531","无","115","杨少锋","2023/5/22 10:06:43","115","杨少锋","2023/11/14 13:53:45","163","陕西省储备粮扶风直属库有限公司北库区","100101006001","陕西省储备粮扶风直属库有限公司北库区","9ebd0b3542d74d3bb4e7842f23462f1b","2","n",""
"9ebf9932a3b2410eafd036e7a86267c8","230522100120","2023/5/22 00:00:00","2250","北库区16号仓","20230314-2250-1114-15137","1","2,3,4","21221","3,4,2,4,6|5,3,4,5,2","531","无","115","杨少锋","2023/5/22 10:07:18","115","杨少锋","2023/11/14 13:53:45","163","陕西省储备粮扶风直属库有限公司北库区","100101006001","陕西省储备粮扶风直属库有限公司北库区","9ebd0b3542d74d3bb4e7842f23462f1b","2","n",""
"52bab90a8f0d4adb940cc96500f6b40f","230522100121","2023/5/15 00:00:00","2253","北库区19号仓","20230314-2253-1114-15138","1","2,3,4","21221","4,4,2,4,6|5,3,4,5,5","531","无","118","刘红兴","2023/5/22 10:08:44","118","刘红兴","2023/11/14 13:53:45","163","陕西省储备粮扶风直属库有限公司北库区","100101006001","陕西省储备粮扶风直属库有限公司北库区","c9d9e8eaa76944bbb6d420bee7a26bf2","2","n",""
"4840f267ac01493cb8ea036706ba75cc","230522100122","2023/5/22 00:00:00","2253","北库区19号仓","20230314-2253-1114-15138","1","1,3","21221","3,4,2,4,6|5,3,4,5,2","531","无","118","刘红兴","2023/5/22 10:09:13","118","刘红兴","2023/11/14 13:53:46","163","陕西省储备粮扶风直属库有限公司北库区","100101006001","陕西省储备粮扶风直属库有限公司北库区","c9d9e8eaa76944bbb6d420bee7a26bf2","2","n",""
"d6271290835c4c59aa8d640ca3cacf4d","230522100123","2023/5/22 00:00:00","2255","北库区21号仓","20230314-2255-1114-15139","1","1,2,4,7","21221","3,4,2,4,6|5,3,4,5,2","531","无","118","刘红兴","2023/5/22 10:09:47","118","刘红兴","2023/11/14 13:53:46","163","陕西省储备粮扶风直属库有限公司北库区","100101006001","陕西省储备粮扶风直属库有限公司北库区","c9d9e8eaa76944bbb6d420bee7a26bf2","2","n",""
"c6477397e16649a5a13edaa06c4b0dc9","230522100124","2023/5/15 00:00:00","2255","北库区21号仓","20230314-2255-1114-15139","1","2,3","21221","2,4,2,4,6|5,3,4,8,11","531","无","118","刘红兴","2023/5/22 10:10:20","118","刘红兴","2023/11/14 13:53:46","163","陕西省储备粮扶风直属库有限公司北库区","100101006001","陕西省储备粮扶风直属库有限公司北库区","c9d9e8eaa76944bbb6d420bee7a26bf2","2","n",""
"76c31a2600ea4819a5bee834dd80efba","230522100125","2023/5/22 00:00:00","2256","北库区22号仓","20230314-2256-1114-15140","1","2","21221","3,4,2,4,6|5,3,4,5,2","531","无","116","王利萍","2023/5/22 10:15:16","116","王利萍","2023/11/14 13:53:47","163","陕西省储备粮扶风直属库有限公司北库区","100101006001","陕西省储备粮扶风直属库有限公司北库区","34dce36b917d4ee09f278b23333c7020","2","n",""
"0e4e7b5cc8a94dd89a9b1981b7a9d62f","230522100126","2023/5/15 00:00:00","2256","北库区22号仓","20230314-2256-1114-15140","1","5,7","21221","3,4,2,4,6|5,3,4,5,2","531","无","116","王利萍","2023/5/22 10:15:42","116","王利萍","2023/11/14 13:53:47","163","陕西省储备粮扶风直属库有限公司北库区","100101006001","陕西省储备粮扶风直属库有限公司北库区","34dce36b917d4ee09f278b23333c7020","2","n",""
"11304091f5c0470fb828e5e79e8f6a92","230522100127","2023/5/15 00:00:00","2257","北库区23号仓","20230314-2257-1114-15141","1","8,10","21221","3,4,2,4,6|5,3,5,6,7","531","无","116","王利萍","2023/5/22 10:16:15","116","王利萍","2023/11/14 13:53:47","163","陕西省储备粮扶风直属库有限公司北库区","100101006001","陕西省储备粮扶风直属库有限公司北库区","34dce36b917d4ee09f278b23333c7020","2","n",""
"b16b66d26a8f4c52a042db88c0fdedbb","230522100128","2023/5/22 00:00:00","2257","北库区23号仓","20230314-2257-1114-15141","1","4,5","21221","3,4,2,4,6|5,3,4,5,2","531","无","116","王利萍","2023/5/22 10:16:39","116","王利萍","2023/11/14 13:53:47","163","陕西省储备粮扶风直属库有限公司北库区","100101006001","陕西省储备粮扶风直属库有限公司北库区","34dce36b917d4ee09f278b23333c7020","2","n",""
"23fea814811946e09d65a04b953bd9f1","230524100129","2023/4/3 00:00:00","2249","北库区15号仓","20230314-2249-1114-15136","1","5,6,9","21211","3,4,2,4,6|5,3,4,5,2","532","无","114","王博","2023/5/24 08:32:37","114","王博","2023/11/14 13:53:48","163","陕西省储备粮扶风直属库有限公司北库区","100101006001","陕西省储备粮扶风直属库有限公司北库区","03f1ac6b4ed64b47a46e036edc2daed9","2","n",""
"eae3697b67e44867b642288f3de6950f","230524100130","2023/4/3 00:00:00","2250","北库区16号仓","20230314-2250-1114-15137","1","7,9,10","21211","3,4,2,4,6|5,3,4,5,6","532","无","114","王博","2023/5/24 08:34:10","114","王博","2023/11/14 13:53:48","163","陕西省储备粮扶风直属库有限公司北库区","100101006001","陕西省储备粮扶风直属库有限公司北库区","03f1ac6b4ed64b47a46e036edc2daed9","2","n",""
"56b7447d7ba74746b473485165081582","230524100131","2023/4/3 00:00:00","2253","北库区19号仓","20230314-2253-1114-15138","1","8,9,10,11","21211","3,4,2,4,6|5,3,4,5,8","532","无","114","王博","2023/5/24 08:35:04","114","王博","2023/11/14 13:53:48","163","陕西省储备粮扶风直属库有限公司北库区","100101006001","陕西省储备粮扶风直属库有限公司北库区","03f1ac6b4ed64b47a46e036edc2daed9","2","n",""
"f6df0428507a4b50b39b18a023edf11b","230625100136","2023/6/5 00:00:00","2243","南库区老4号仓","20230314-2243-1114-15130","1","3","21211","1,0,2,4,6","531","","1233","刘斌","2023/6/25 19:02:44","1233","刘斌","2023/11/14 13:53:49","122","陕西省储备粮扶风直属库有限公司","100101006","陕西省储备粮扶风直属库有限公司","146a328c2f1942d2999f974cc8a26281","2","e","2026/3/2 03:00:02"
"df14afa735bc47149682254230e2ba75","230625100137","2023/6/5 00:00:00","2247","南库区老11号仓","20230314-2247-1114-15134","1","3","21221","5,3,4,5,2","531","","1233","刘斌","2023/6/25 19:03:20","1","系统超级管理员","2024/12/4 17:12:06","122","陕西省储备粮扶风直属库有限公司","100101006","陕西省储备粮扶风直属库有限公司","146a328c2f1942d2999f974cc8a26281","2","e","2026/3/2 03:00:02"
"c25e5c2e2c5947ff8e647a781c43bfc6","230625100138","2023/6/5 00:00:00","2229","南库区新4号仓","20230314-2229-1114-15110","1","3","21221","3,4,2,4,6","531","","90","辛莹","2023/6/25 19:06:01","90","辛莹","2023/11/14 13:53:49","161","仓储管理科","100101006","陕西省储备粮扶风直属库有限公司","6cc0722f8c6e49a295b67368ed5460d0","2","e","2026/3/2 03:00:02"
"19b4c158f73848a584954d3d51220a6b","230625100139","2023/6/5 00:00:00","2233","南库区新8号仓","20230314-2233-1114-15121","1","8","21221","3,4,2,4,6","531","","90","辛莹","2023/6/25 19:06:45","90","辛莹","2023/11/14 13:53:50","161","仓储管理科","100101006","陕西省储备粮扶风直属库有限公司","6cc0722f8c6e49a295b67368ed5460d0","2","e","2026/3/2 03:00:02"
"33e94c33c7a249888266247621fd2bca","230625100140","2023/6/5 00:00:00","2242","南库区老2号仓","20230313-2242-1114-15107","1","5","21221","6,3,4,5,2","531","","90","辛莹","2023/6/25 19:07:19","90","辛莹","2023/11/14 13:53:50","161","仓储管理科","100101006","陕西省储备粮扶风直属库有限公司","6cc0722f8c6e49a295b67368ed5460d0","2","e","2026/3/2 03:00:02"
"163153b2c69d4fd3aa868e799c802e87","230625100141","2023/6/5 00:00:00","2239","南库区新14号仓","20230314-2239-1114-15127","1","2","21221","3,4,2,4,6","531","无","92","付祥","2023/6/25 19:47:25","92","付祥","2023/11/14 13:53:50","161","仓储管理科","100101006","陕西省储备粮扶风直属库有限公司","abf32cb53d9b4b8f9ce1e2d07c8bc005","2","e","2026/3/2 03:00:02"
"d4817e8cb7b1445189b1d508dc73b3ed","230625100142","2023/6/5 00:00:00","2240","南库区新15号仓","20230314-2240-1114-15128","1","2","21221","5,3,4,5,2","531","无","92","付祥","2023/6/25 19:47:59","92","付祥","2023/11/14 13:53:50","161","仓储管理科","100101006","陕西省储备粮扶风直属库有限公司","abf32cb53d9b4b8f9ce1e2d07c8bc005","2","e","2026/3/2 03:00:02"
"e907dfbdeae54e9f9d11acfde738bf37","230625100143","2023/6/5 00:00:00","2241","南库区新16号仓","20230314-2241-1114-15129","1","4","21221","5,3,4,5,2","531","无","92","付祥","2023/6/25 19:48:36","92","付祥","2023/11/14 13:53:51","161","仓储管理科","100101006","陕西省储备粮扶风直属库有限公司","abf32cb53d9b4b8f9ce1e2d07c8bc005","2","e","2026/3/2 03:00:02"
"87deebad538a4265b37ee2b24c04bfee","230625100144","2023/6/5 00:00:00","2226","南库区新1号仓","20230313-2226-1114-15106","1","2","21221","5,3,4,5,2","531","无","91","张宝侠","2023/6/25 19:50:58","91","张宝侠","2023/11/14 13:53:51","161","仓储管理科","100101006","陕西省储备粮扶风直属库有限公司","bf8c845fadfb431ba0c18ddb354b7831","2","e","2026/3/2 03:00:02"
"a16e3d14c2de4fb1b90298a4cdc90ab5","230625100145","2023/6/5 00:00:00","2247","南库区老11号仓","20230314-2247-1114-15134","1","3","21221","5,3,4,5,2","531","无","91","张宝侠","2023/6/25 19:51:35","91","张宝侠","2023/11/14 13:53:51","161","仓储管理科","100101006","陕西省储备粮扶风直属库有限公司","bf8c845fadfb431ba0c18ddb354b7831","2","e","2026/3/2 03:00:03"
"c4e5885ab93844d49f2fb8be4d5d49b4","230625100146","2023/6/5 00:00:00","2248","南库区老12号仓","20230314-2248-1114-15135","1","5","21221","3,4,2,4,6","531","无","91","张宝侠","2023/6/25 19:52:12","91","张宝侠","2023/11/14 13:53:52","161","仓储管理科","100101006","陕西省储备粮扶风直属库有限公司","bf8c845fadfb431ba0c18ddb354b7831","2","e","2026/3/2 03:00:03"
"bc2a86bf34cd4c3692fae380b4539210","230625100147","2023/6/5 00:00:00","2235","南库区新10号仓","20230314-2235-1114-15123","1","3","21221","3,4,2,4,6","531","无","94","郭君","2023/6/25 19:53:14","94","郭君","2023/11/14 13:53:52","161","仓储管理科","100101006","陕西省储备粮扶风直属库有限公司","d518b8cac9b64f4b9d8e418e3373eeef","2","e","2026/3/2 03:00:03"
"8436b75b8dd04103bb38ff2431f5bfaf","230625100148","2023/6/5 00:00:00","2236","南库区新11号仓","20230314-2236-1114-15124","1","2","21221","5,3,4,5,2","531","无","94","郭君","2023/6/25 19:54:04","94","郭君","2023/11/14 13:53:52","161","仓储管理科","100101006","陕西省储备粮扶风直属库有限公司","d518b8cac9b64f4b9d8e418e3373eeef","2","e","2026/3/2 03:00:03"
"7b995cdcd5cb4412b5e05ae88957f82a","230625100149","2023/6/5 00:00:00","2237","南库区新12号仓","20230314-2237-1114-15125","1","3","21221","3,4,2,4,6","531","无","94","郭君","2023/6/25 19:54:38","94","郭君","2023/11/14 13:53:52","161","仓储管理科","100101006","陕西省储备粮扶风直属库有限公司","d518b8cac9b64f4b9d8e418e3373eeef","2","e","2026/3/2 03:00:03"
"34c8519f8724433c97ee165301e306be","230625100150","2023/6/5 00:00:00","2227","南库区新2号仓","20230314-2227-1114-15109","1","5","21221","3,4,2,4,6","531","无","96","韩嘉鑫","2023/6/25 19:57:37","96","韩嘉鑫","2023/11/14 13:53:53","161","仓储管理科","100101006","陕西省储备粮扶风直属库有限公司","a0ee77e91c104d0ca8d3ce878b9b9b9c","2","e","2026/3/2 03:00:03"
"ee61aaaea9e646f78fca3b994338cc6f","230625100151","2023/6/5 00:00:00","2231","南库区新6号仓","20230314-2231-1114-15114","1","4","21221","5,3,4,5,2","531","无","96","韩嘉鑫","2023/6/25 19:58:28","96","韩嘉鑫","2023/11/14 13:53:53","161","仓储管理科","100101006","陕西省储备粮扶风直属库有限公司","a0ee77e91c104d0ca8d3ce878b9b9b9c","2","e","2026/3/2 03:00:03"
"f29f8260ec7d46dea5a48ebf4cc637fe","230625100152","2023/6/5 00:00:00","2244","南库区老6号仓","20230314-2244-1114-15131","1","3","21221","3,4,2,4,6","531","无","96","韩嘉鑫","2023/6/25 19:58:54","96","韩嘉鑫","2023/11/14 13:53:53","161","仓储管理科","100101006","陕西省储备粮扶风直属库有限公司","a0ee77e91c104d0ca8d3ce878b9b9b9c","2","e","2026/3/2 03:00:03"
"206646c57bd84746a599ab1ad64b117b","230625100153","2023/6/5 00:00:00","2233","南库区新8号仓","20230314-2233-1114-15121","1","3","21221","5,3,4,5,2","531","无","97","崔熙林","2023/6/25 20:00:34","97","崔熙林","2023/11/14 13:53:53","161","仓储管理科","100101006","陕西省储备粮扶风直属库有限公司","b916b73b8ad946fcaec4d3526010b4d9","2","e","2026/3/2 03:00:03"
"489dcb4dcb0a459599afa6731e935921","230625100154","2023/6/6 00:00:00","2241","南库区新16号仓","20230314-2241-1114-15129","1","2","21221","5,3,4,5,2","531","无","97","崔熙林","2023/6/25 20:01:38","97","崔熙林","2023/11/14 13:53:54","161","仓储管理科","100101006","陕西省储备粮扶风直属库有限公司","b916b73b8ad946fcaec4d3526010b4d9","2","e","2026/3/2 03:00:03"
"30bdf4eb5f914b18a8c213bf4c5b0208","230626100155","2023/6/26 00:00:00","2243","南库区老4号仓","20230314-2243-1114-15130","1","3","21221","3,4,2,4,6","531","无","1233","刘斌","2023/6/26 13:50:04","1233","刘斌","2023/11/14 13:53:54","122","陕西省储备粮扶风直属库有限公司","100101006","陕西省储备粮扶风直属库有限公司","146a328c2f1942d2999f974cc8a26281","2","e","2026/3/2 03:00:03"
"1e8b1e2a888846a0b391b4a8599be686","230626100156","2023/6/26 00:00:00","2246","南库区老10号仓","20230314-2246-1114-15133","1","2","21221","5,3,4,5,2","531","无","1233","刘斌","2023/6/26 13:50:40","1233","刘斌","2023/11/14 13:53:54","122","陕西省储备粮扶风直属库有限公司","100101006","陕西省储备粮扶风直属库有限公司","146a328c2f1942d2999f974cc8a26281","2","e","2026/3/2 03:00:03"
"93e50a3d9b9b4530b6cc69e98dfc13f9","230626100157","2023/6/26 00:00:00","2238","南库区新13号仓","20230314-2238-1114-15126","1","5","21221","5,3,4,5,2","531","无","92","付祥","2023/6/26 13:52:38","92","付祥","2023/11/14 13:53:55","161","仓储管理科","100101006","陕西省储备粮扶风直属库有限公司","abf32cb53d9b4b8f9ce1e2d07c8bc005","2","e","2026/3/2 03:00:03"
"8ea42b4d1664478e9865fee329e9e635","230626100158","2023/6/26 00:00:00","2239","南库区新14号仓","20230314-2239-1114-15127","1","3","21221","5,3,4,5,2","531","无","92","付祥","2023/6/26 13:53:14","92","付祥","2023/11/14 13:53:55","161","仓储管理科","100101006","陕西省储备粮扶风直属库有限公司","abf32cb53d9b4b8f9ce1e2d07c8bc005","2","e","2026/3/2 03:00:03"
"ffeb7677193e450d921ea46bbfa07ce4","230626100159","2023/6/26 00:00:00","2240","南库区新15号仓","20230314-2240-1114-15128","1","3","21221","5,3,4,5,2","531","无","92","付祥","2023/6/26 13:53:43","92","付祥","2023/11/14 13:53:55","161","仓储管理科","100101006","陕西省储备粮扶风直属库有限公司","abf32cb53d9b4b8f9ce1e2d07c8bc005","2","e","2026/3/2 03:00:03"
"8a94bd9d890049d1ac09c2478670b80b","230626100160","2023/6/26 00:00:00","2235","南库区新10号仓","20230314-2235-1114-15123","1","3","21221","3,4,2,4,6","531","无","94","郭君","2023/6/26 13:55:06","94","郭君","2023/11/14 13:53:56","161","仓储管理科","100101006","陕西省储备粮扶风直属库有限公司","d518b8cac9b64f4b9d8e418e3373eeef","2","e","2026/3/2 03:00:04"
"7919fa308256463992cac947493c8d82","230626100161","2023/6/26 00:00:00","2236","南库区新11号仓","20230314-2236-1114-15124","1","3","21221","5,3,4,5,2","531","无","94","郭君","2023/6/26 13:56:04","94","郭君","2023/11/14 13:53:56","161","仓储管理科","100101006","陕西省储备粮扶风直属库有限公司","d518b8cac9b64f4b9d8e418e3373eeef","2","e","2026/3/2 03:00:04"
"14bde194787f45c7acba8144b64cb26f","230626100162","2023/6/26 00:00:00","2237","南库区新12号仓","20230314-2237-1114-15125","1","2","21221","5,3,4,5,2","531","无","94","郭君","2023/6/26 13:56:38","94","郭君","2023/11/14 13:53:56","161","仓储管理科","100101006","陕西省储备粮扶风直属库有限公司","d518b8cac9b64f4b9d8e418e3373eeef","2","e","2026/3/2 03:00:04"
"72c79f42830e4f7f83badf35770bb812","230626100163","2023/6/26 00:00:00","2229","南库区新4号仓","20230314-2229-1114-15110","1","3","21221","5,3,4,5,2","531","无","90","辛莹","2023/6/26 13:58:19","90","辛莹","2023/11/14 13:53:56","161","仓储管理科","100101006","陕西省储备粮扶风直属库有限公司","6cc0722f8c6e49a295b67368ed5460d0","2","e","2026/3/2 03:00:04"
"3e8960ef65e6472096eee239e5050852","230626100164","2023/6/26 00:00:00","2233","南库区新8号仓","20230314-2233-1114-15121","1","3","21221","5,3,4,5,2","531","无","90","辛莹","2023/6/26 13:58:49","90","辛莹","2023/11/14 13:53:57","161","仓储管理科","100101006","陕西省储备粮扶风直属库有限公司","6cc0722f8c6e49a295b67368ed5460d0","2","e","2026/3/2 03:00:04"
"d3cd4c837a6544bd9756c66a7fbeadcd","230626100165","2023/6/26 00:00:00","2242","南库区老2号仓","20230313-2242-1114-15107","1","1","21221","5,3,4,5,2","531","无","90","辛莹","2023/6/26 13:59:19","90","辛莹","2023/11/14 13:53:57","161","仓储管理科","100101006","陕西省储备粮扶风直属库有限公司","6cc0722f8c6e49a295b67368ed5460d0","2","e","2026/3/2 03:00:04"
"baebb37bb7af4a84a704f4b7753245b8","230626100166","2023/6/26 00:00:00","2227","南库区新2号仓","20230314-2227-1114-15109","1","2","21221","3,4,2,4,6","531","无","96","韩嘉鑫","2023/6/26 14:01:02","96","韩嘉鑫","2023/11/14 13:53:57","161","仓储管理科","100101006","陕西省储备粮扶风直属库有限公司","a0ee77e91c104d0ca8d3ce878b9b9b9c","2","e","2026/3/2 03:00:04"
"0452d7ab7fa64c3e98582e34439f4e90","230626100167","2023/6/26 00:00:00","2231","南库区新6号仓","20230314-2231-1114-15114","1","5","21221","5,3,4,5,2","531","无","96","韩嘉鑫","2023/6/26 14:01:28","96","韩嘉鑫","2023/11/14 13:53:58","161","仓储管理科","100101006","陕西省储备粮扶风直属库有限公司","a0ee77e91c104d0ca8d3ce878b9b9b9c","2","e","2026/3/2 03:00:04"
"9db62664e4244e0ca09c5b06bd4a8b8b","230626100168","2023/6/26 00:00:00","2244","南库区老6号仓","20230314-2244-1114-15131","1","2","21221","5,3,4,5,2","531","无","96","韩嘉鑫","2023/6/26 14:01:58","96","韩嘉鑫","2023/11/14 13:53:58","161","仓储管理科","100101006","陕西省储备粮扶风直属库有限公司","a0ee77e91c104d0ca8d3ce878b9b9b9c","2","e","2026/3/2 03:00:04"
"2a5f217dcf544517a2a6f98df8db3795","230626100169","2023/6/26 00:00:00","2233","南库区新8号仓","20230314-2233-1114-15121","1","3","21221","5,3,4,5,2","531","无","97","崔熙林","2023/6/26 14:22:43","97","崔熙林","2023/11/14 13:53:58","161","仓储管理科","100101006","陕西省储备粮扶风直属库有限公司","b916b73b8ad946fcaec4d3526010b4d9","2","e","2026/3/2 03:00:04"
"8537462bea1240668544cc0dd271af95","230626100170","2023/6/26 00:00:00","2241","南库区新16号仓","20230314-2241-1114-15129","1","3","21221","5,3,4,5,2","531","无","97","崔熙林","2023/6/26 14:23:10","97","崔熙林","2023/11/14 13:53:58","161","仓储管理科","100101006","陕西省储备粮扶风直属库有限公司","b916b73b8ad946fcaec4d3526010b4d9","2","e","2026/3/2 03:00:04"
"9cbe594c2ba14984802da38797b0b9cc","230626100171","2023/6/26 00:00:00","2226","南库区新1号仓","20230313-2226-1114-15106","1","3","21221","3,4,2,4,6","531","无","91","张宝侠","2023/6/26 16:02:16","91","张宝侠","2023/11/14 13:53:59","161","仓储管理科","100101006","陕西省储备粮扶风直属库有限公司","bf8c845fadfb431ba0c18ddb354b7831","2","e","2026/3/2 03:00:04"
"621b842891d14c91b6433a5e23736592","230626100172","2023/6/26 00:00:00","2247","南库区老11号仓","20230314-2247-1114-15134","1","3","21221","5,3,4,5,2","531","无","91","张宝侠","2023/6/26 16:03:17","91","张宝侠","2023/11/14 13:53:59","161","仓储管理科","100101006","陕西省储备粮扶风直属库有限公司","bf8c845fadfb431ba0c18ddb354b7831","2","e","2026/3/2 03:00:04"
"bcc7b07048a3491bb2b4285afe283f76","230626100173","2023/6/26 16:03:25","2248","南库区老12号仓","20230314-2248-1114-15135","1","3","21221","5,3,4,5,2","531","无","91","张宝侠","2023/6/26 16:03:45","91","张宝侠","2023/11/14 13:53:59","161","仓储管理科","100101006","陕西省储备粮扶风直属库有限公司","bf8c845fadfb431ba0c18ddb354b7831","2","e","2026/3/2 03:00:05"
"5c04ab25650744cca67e30e4662f5427","230801100254","2023/7/31 00:00:00","2243","南库区老4号仓","20230314-2243-1114-15130","1","5","21211#21221","9,3,4,2,4,6|5,3,4,5,2","532","无","1233","刘斌","2023/8/1 05:54:37","1233","刘斌","2023/11/14 13:54:00","122","陕西省储备粮扶风直属库有限公司","100101006","陕西省储备粮扶风直属库有限公司","146a328c2f1942d2999f974cc8a26281","3","e","2026/3/2 03:00:05"
"cc665e8a351c4ba59cd9e3b45054608b","230801100255","2021/7/31 00:00:00","2246","南库区老10号仓","20230314-2246-1114-15133","1","7","21314#21211","10,3,4,2,4,6|5,3,4,5,2","532","无","1233","刘斌","2023/8/1 05:55:53","1233","刘斌","2023/11/14 13:54:00","122","陕西省储备粮扶风直属库有限公司","100101006","陕西省储备粮扶风直属库有限公司","146a328c2f1942d2999f974cc8a26281","3","e","2026/3/2 03:00:05"
"3170f3b8b6e34753b27c85e284e23a50","230801100256","2023/7/31 00:00:00","2235","南库区新10号仓","20230314-2235-1114-15123","1","4","21314#21221","17,3,4,2,4,6|5,3,4,5,2","532","无","94","郭君","2023/8/1 05:59:40","94","郭君","2023/11/14 13:54:00","161","仓储管理科","100101006","陕西省储备粮扶风直属库有限公司","d518b8cac9b64f4b9d8e418e3373eeef","3","e","2026/3/2 03:00:05"
"32468c45c48147bcb27f9acb12d6d61f","230801100257","2023/7/31 00:00:00","2236","南库区新11号仓","20230314-2236-1114-15124","1","5","21221#21343","3,4,2,4,6|5,3,4,5,2","531","无","94","郭君","2023/8/1 06:00:41","1233","刘斌","2023/11/14 13:54:00","161","仓储管理科","100101006","陕西省储备粮扶风直属库有限公司","d518b8cac9b64f4b9d8e418e3373eeef","2","e","2026/3/2 03:00:05"
"33a8dceab3e24f9b85480528be72a5cc","230801100258","2023/7/31 00:00:00","2237","南库区新12号仓","20230314-2237-1114-15125","1","7","21314#21211","17,3,4,2,4,6|5,3,4,5,2","532","无","94","郭君","2023/8/1 06:01:44","94","郭君","2023/11/14 13:54:01","161","仓储管理科","100101006","陕西省储备粮扶风直属库有限公司","d518b8cac9b64f4b9d8e418e3373eeef","3","e","2026/3/2 03:00:05"
"ca88dc26f23f4355b0248453dd38ed3d","230801100259","2023/7/31 00:00:00","2226","南库区新1号仓","20230313-2226-1114-15106","1","5","21314#21211","12,3,4,2,4,6|5,3,4,5,2","532","无","91","张宝侠","2023/8/1 06:08:34","91","张宝侠","2023/11/14 13:54:01","161","仓储管理科","100101006","陕西省储备粮扶风直属库有限公司","bf8c845fadfb431ba0c18ddb354b7831","3","e","2026/3/2 03:00:05"
"4943f42098bb4d66b95852ebf31a0b5b","230801100260","2023/7/31 00:00:00","2247","南库区老11号仓","20230314-2247-1114-15134","1","7","21314#21221","11,3,4,2,4,6|5,3,4,5,2","532","无","91","张宝侠","2023/8/1 06:09:33","91","张宝侠","2023/11/14 13:54:01","161","仓储管理科","100101006","陕西省储备粮扶风直属库有限公司","bf8c845fadfb431ba0c18ddb354b7831","3","e","2026/3/2 03:00:05"
"34722cd0a2854d34b8ebf76e18251479","230801100261","2023/7/31 00:00:00","2248","南库区老12号仓","20230314-2248-1114-15135","1","8","21314#21211","10,3,4,2,4,6|5,3,4,5,2","532","无","91","张宝侠","2023/8/1 06:10:19","91","张宝侠","2023/11/14 13:54:02","161","仓储管理科","100101006","陕西省储备粮扶风直属库有限公司","bf8c845fadfb431ba0c18ddb354b7831","3","e","2026/3/2 03:00:05"
"8bd7b071acb7402094709e7e47e2ce79","230801100262","2023/7/31 00:00:00","2229","南库区新4号仓","20230314-2229-1114-15110","1","6","21314#21211","13,3,4,2,4,6|5,3,4,5,2","532","无","90","辛莹","2023/8/1 06:11:30","90","辛莹","2023/11/14 13:54:02","161","仓储管理科","100101006","陕西省储备粮扶风直属库有限公司","6cc0722f8c6e49a295b67368ed5460d0","3","e","2026/3/2 03:00:05"
"2be49fc76d78444a9db29409b8969563","230801100263","2023/7/31 00:00:00","2233","南库区新8号仓","20230314-2233-1114-15121","1","9","21211#21221","11,3,4,2,4,6|5,3,4,5,2","532","无","90","辛莹","2023/8/1 06:12:15","89","范乃娟","2023/11/14 13:54:02","161","仓储管理科","100101006","陕西省储备粮扶风直属库有限公司","6cc0722f8c6e49a295b67368ed5460d0","3","e","2026/3/2 03:00:05"
"b2ccf9c5802d4e1f936d856f823d6f56","230801100264","2023/7/31 00:00:00","2242","南库区老2号仓","20230313-2242-1114-15107","1","11","21314#21211","9,3,4,2,4,6|5,3,4,5,2","532","无","90","辛莹","2023/8/1 06:12:56","90","辛莹","2023/11/14 13:54:03","161","仓储管理科","100101006","陕西省储备粮扶风直属库有限公司","6cc0722f8c6e49a295b67368ed5460d0","3","e","2026/3/2 03:00:05"
"82f18c5f2eef418eb703b1331774c393","230801100265","2023/7/31 00:00:00","2241","南库区新16号仓","20230314-2241-1114-15129","1","9","21314#21211","11,3,4,2,4,6|5,3,4,5,2","532","无","97","崔熙林","2023/8/1 06:14:26","97","崔熙林","2023/11/14 13:54:03","161","仓储管理科","100101006","陕西省储备粮扶风直属库有限公司","b916b73b8ad946fcaec4d3526010b4d9","3","e","2026/3/2 03:00:05"
"cc0bd297a83242dd82348cdcfa03c08d","230801100266","2023/7/31 00:00:00","2232","南库区新7号仓","20230625-2232-1114-15492","1","5","21211#21221","2,2,4,2,4,6|5,3,4,5,2","532","无","97","崔熙林","2023/8/1 06:15:34","97","崔熙林","2023/11/14 13:54:03","161","仓储管理科","100101006","陕西省储备粮扶风直属库有限公司","b916b73b8ad946fcaec4d3526010b4d9","3","e","2026/3/2 03:00:05"
"f53cddc55af34f97abd8683341669f44","230801100267","2023/7/31 00:00:00","2245","南库区老8号仓","20230314-2245-1114-15132","1","8","21314#21221","10,3,4,2,4,6|5,3,4,5,2","532","无","97","崔熙林","2023/8/1 06:16:21","97","崔熙林","2023/11/14 13:54:03","161","仓储管理科","100101006","陕西省储备粮扶风直属库有限公司","b916b73b8ad946fcaec4d3526010b4d9","3","e","2026/3/2 03:00:06"
"6b219439b5fd481cba022248d3ca98cf","230801100268","2023/7/31 00:00:00","2238","南库区新13号仓","20230314-2238-1114-15126","1","8","21314#21211","17,4,2,4,6|5,3,4,5,2","532","无","92","付祥","2023/8/1 06:17:35","92","付祥","2023/11/14 13:54:04","161","仓储管理科","100101006","陕西省储备粮扶风直属库有限公司","abf32cb53d9b4b8f9ce1e2d07c8bc005","3","e","2026/3/2 03:00:06"
"128eb25c05254846b8ca3a4d1508b810","230801100269","2023/7/31 00:00:00","2239","南库区新14号仓","20230314-2239-1114-15127","1","7","21314#21211","16,4,2,4,6|5,3,4,5,2","532","无","92","付祥","2023/8/1 06:18:14","92","付祥","2023/11/14 13:54:04","161","仓储管理科","100101006","陕西省储备粮扶风直属库有限公司","abf32cb53d9b4b8f9ce1e2d07c8bc005","3","e","2026/3/2 03:00:06"
"f8e5685154694f81b1da2fa1dc95e4dc","230801100270","2023/7/31 00:00:00","2240","南库区新15号仓","20230314-2240-1114-15128","1","8","21314#21211","16,4,2,4,6|5,3,4,5,2","532","无","92","付祥","2023/8/1 06:19:01","92","付祥","2023/11/14 13:54:04","161","仓储管理科","100101006","陕西省储备粮扶风直属库有限公司","abf32cb53d9b4b8f9ce1e2d07c8bc005","3","e","2026/3/2 03:00:06"
"b8e1cf6674514400825f080877d3ac1d","230801100271","2023/7/31 00:00:00","2228","南库区新3号仓","20230314-2228-1114-15108","1","5","21211#21221","1,3,4,2,4,6|5,3,4,5,2","532","无","98","刘萍","2023/8/1 06:24:02","98","刘萍","2023/11/14 13:54:04","161","仓储管理科","100101006","陕西省储备粮扶风直属库有限公司","22d81a22cb58415da3ad240b2f970dad","3","e","2026/3/2 03:00:06"
"22ab723951fe489086ae762898fd530b","230801100272","2023/7/31 00:00:00","2230","南库区新5号仓","20230314-2230-1114-15111","1","5","21211#21221","1,3,4,2,4,6|5,3,4,5,2","532","无","98","刘萍","2023/8/1 06:24:47","98","刘萍","2023/11/14 13:54:05","161","仓储管理科","100101006","陕西省储备粮扶风直属库有限公司","22d81a22cb58415da3ad240b2f970dad","3","e","2026/3/2 03:00:06"
"c4f19565598c4fab9175ec2b134d3e84","230801100273","2023/7/31 00:00:00","2555","南库区新9号仓","20230314-2555-1114-15122","1","7","21211#21221","1,2,4,2,4,6|5,3,4,5,2","532","无","98","刘萍","2023/8/1 06:26:43","98","刘萍","2023/11/14 13:54:05","161","仓储管理科","100101006","陕西省储备粮扶风直属库有限公司","22d81a22cb58415da3ad240b2f970dad","3","e","2026/3/2 03:00:06"
"6a66ebb8d17046968de90d2f8e91f129","230801100274","2023/7/31 00:00:00","2231","南库区新6号仓","20230314-2231-1114-15114","1","5","21314#21211","1,3,4,2,4,6|5,3,4,5,2","532","无","96","韩嘉鑫","2023/8/1 06:28:10","96","韩嘉鑫","2023/11/14 13:54:05","161","仓储管理科","100101006","陕西省储备粮扶风直属库有限公司","a0ee77e91c104d0ca8d3ce878b9b9b9c","3","e","2026/3/2 03:00:06"
"929bebde400c4a83881c5f59ea440dbb","230801100275","2023/7/31 00:00:00","2227","南库区新2号仓","20230314-2227-1114-15109","1","11","21211#21221","1,3,4,2,4,6|5,3,4,5,2","532","无","96","韩嘉鑫","2023/8/1 06:28:54","96","韩嘉鑫","2023/11/14 13:54:06","161","仓储管理科","100101006","陕西省储备粮扶风直属库有限公司","a0ee77e91c104d0ca8d3ce878b9b9b9c","3","e","2026/3/2 03:00:06"
"56202850d3124aa4a150a67ce0b291a6","230801100276","2023/7/31 00:00:00","2244","南库区老6号仓","20230314-2244-1114-15131","1","10","21314#21211","6,3,4,2,4,6|5,3,4,5,2","532","无","96","韩嘉鑫","2023/8/1 06:29:45","96","韩嘉鑫","2023/11/14 13:54:06","161","仓储管理科","100101006","陕西省储备粮扶风直属库有限公司","a0ee77e91c104d0ca8d3ce878b9b9b9c","3","e","2026/3/2 03:00:06"
"e376487ce48f416a9f8effdfeeaa52e7","230818100506","2023/8/13 08:00:00","2250","北库区16号仓","20230314-2250-1114-15137","1","5","21314#21211","3,4,2,4,6|5,3,4,5,2","532","无","115","杨少锋","2023/8/18 08:36:58","115","杨少锋","2023/11/14 13:54:06","163","陕西省储备粮扶风直属库有限公司北库区","100101006001","陕西省储备粮扶风直属库有限公司北库区","9ebd0b3542d74d3bb4e7842f23462f1b","3","n",""
"eec349e18dd14e968e746ad581edc7e0","230818100507","2023/8/13 08:00:00","2255","北库区21号仓","20230314-2255-1114-15139","1","7","21211#21314","4,4,2,4,6|5,3,4,5,2","532","无","117","赵毅","2023/8/18 08:41:04","117","赵毅","2023/11/14 13:54:06","163","陕西省储备粮扶风直属库有限公司北库区","100101006001","陕西省储备粮扶风直属库有限公司北库区","65b30790e62e403daa4e4617f2df01d1","3","n",""
"650c089e64cb4ec59d9c1d3ac50da6f4","230904100549","2023/9/4 08:02:00","2243","南库区老4号仓","20230314-2243-1114-15130","1","5","21221#21343","3,4,2,4,6|5,3,4,5,2","531","无","1233","刘斌","2023/9/4 19:02:12","1233","刘斌","2023/11/14 13:54:07","122","陕西省储备粮扶风直属库有限公司","100101006","陕西省储备粮扶风直属库有限公司","146a328c2f1942d2999f974cc8a26281","2","e","2026/3/2 03:00:06"
"f7d872bc58854d748a75adae7546f0b7","230904100550","2023/9/4 08:00:00","2246","南库区老10号仓","20230314-2246-1114-15133","1","8","21343#21221","3,4,2,4,6|5,3,4,5,2","531","无","1233","刘斌","2023/9/4 19:02:54","1233","刘斌","2023/11/14 13:54:07","122","陕西省储备粮扶风直属库有限公司","100101006","陕西省储备粮扶风直属库有限公司","146a328c2f1942d2999f974cc8a26281","2","e","2026/3/2 03:00:06"
"adfced39e9e84173899ee8920be7df49","230904100551","2023/9/4 08:06:01","2238","南库区新13号仓","20230314-2238-1114-15126","1","7","21339#21221","4,4,2,4,6|5,3,4,5,5","531","无","92","付祥","2023/9/4 19:05:38","92","付祥","2023/11/14 13:54:07","161","仓储管理科","100101006","陕西省储备粮扶风直属库有限公司","abf32cb53d9b4b8f9ce1e2d07c8bc005","2","e","2026/3/2 03:00:06"
"8bc6498a53974af78db63e8e9f9eb4fa","230904100552","2023/9/4 08:00:00","2239","南库区新14号仓","20230314-2239-1114-15127","1","9","21339#21221","3,4,2,4,6|5,3,4,5,2","531","无","92","付祥","2023/9/4 19:06:16","92","付祥","2023/11/14 13:54:07","161","仓储管理科","100101006","陕西省储备粮扶风直属库有限公司","abf32cb53d9b4b8f9ce1e2d07c8bc005","2","e","2026/3/2 03:00:06"
"42ac3cac383644d39e5907def6ac8b1f","230904100553","2023/9/4 08:00:00","2240","南库区新15号仓","20230314-2240-1114-15128","1","1","21339#21221","3,4,2,4,6|5,3,4,5,1","531","无","92","付祥","2023/9/4 19:07:00","92","付祥","2023/11/14 13:54:08","161","仓储管理科","100101006","陕西省储备粮扶风直属库有限公司","abf32cb53d9b4b8f9ce1e2d07c8bc005","2","e","2026/3/2 03:00:06"
"bd8a3d2b428c49348ed5a46f98ad7036","230904100554","2023/9/4 08:00:00","2229","南库区新4号仓","20230314-2229-1114-15110","1","5","21339#21221","3,4,2,4,6|5,3,4,5,2","531","无","90","辛莹","2023/9/4 19:08:07","90","辛莹","2023/11/14 13:54:08","161","仓储管理科","100101006","陕西省储备粮扶风直属库有限公司","6cc0722f8c6e49a295b67368ed5460d0","2","e","2026/3/2 03:00:07"
"9113229b83a24b829f99bd75cbd787e9","230904100555","2023/9/4 08:00:00","2233","南库区新8号仓","20230314-2233-1114-15121","1","5","21339#21221","3,4,2,4,6|5,3,4,5,2","531","无","90","辛莹","2023/9/4 19:09:00","90","辛莹","2023/11/14 13:54:08","161","仓储管理科","100101006","陕西省储备粮扶风直属库有限公司","6cc0722f8c6e49a295b67368ed5460d0","2","e","2026/3/2 03:00:07"
"5f9f36f16e514fd2a49f851a39c7107b","230904100556","2023/9/4 08:13:29","2242","南库区老2号仓","20230313-2242-1114-15107","1","7","21339#21221","3,4,2,4,6|5,3,4,5,1","531","无","90","辛莹","2023/9/4 19:14:17","90","辛莹","2023/11/14 13:54:08","161","仓储管理科","100101006","陕西省储备粮扶风直属库有限公司","6cc0722f8c6e49a295b67368ed5460d0","2","e","2026/3/2 03:00:07"
"fc5bcdcbd06f4c28b43ee7a217517b88","230904100557","2023/9/4 08:00:00","2231","南库区新6号仓","20230314-2231-1114-15114","1","4","21339#21221","3,4,2,4,6|5,3,4,5,4","531","无","96","韩嘉鑫","2023/9/4 19:15:59","96","韩嘉鑫","2023/11/14 13:54:09","161","仓储管理科","100101006","陕西省储备粮扶风直属库有限公司","a0ee77e91c104d0ca8d3ce878b9b9b9c","2","e","2026/3/2 03:00:07"
"77fcfcb6190c4b19beb8c305aca669f6","230904100558","2023/9/4 08:00:00","2244","南库区老6号仓","20230314-2244-1114-15131","1","7","21339#21221","4,4,2,4,6|5,3,4,5,2","531","无","96","韩嘉鑫","2023/9/4 19:16:46","96","韩嘉鑫","2023/11/14 13:54:09","161","仓储管理科","100101006","陕西省储备粮扶风直属库有限公司","a0ee77e91c104d0ca8d3ce878b9b9b9c","2","e","2026/3/2 03:00:07"
"6e341814299340e8acdac2b53e162859","230904100559","2023/9/4 08:00:00","2227","南库区新2号仓","20230314-2227-1114-15109","1","5","21339#21221","3,4,2,4,6|5,3,4,5,1","531","无","96","韩嘉鑫","2023/9/4 19:17:27","96","韩嘉鑫","2023/11/14 13:54:09","161","仓储管理科","100101006","陕西省储备粮扶风直属库有限公司","a0ee77e91c104d0ca8d3ce878b9b9b9c","2","e","2026/3/2 03:00:07"
"06bb3449bcf7453680311ea77dd6b152","230904100560","2023/9/4 08:00:00","2226","南库区新1号仓","20230313-2226-1114-15106","1","4","21339#21221","3,4,2,4,6|5,3,4,5,1","531","无","91","张宝侠","2023/9/4 19:19:06","91","张宝侠","2023/11/14 13:54:09","161","仓储管理科","100101006","陕西省储备粮扶风直属库有限公司","bf8c845fadfb431ba0c18ddb354b7831","2","e","2026/3/2 03:00:07"
"d97f0193a65b42d3b04498be8768e171","230904100561","2023/9/4 08:19:20","2247","南库区老11号仓","20230314-2247-1114-15134","1","4","21339#21221","3,4,2,4,6|5,3,4,5,2","531","无","91","张宝侠","2023/9/4 19:19:45","91","张宝侠","2023/11/14 13:54:10","161","仓储管理科","100101006","陕西省储备粮扶风直属库有限公司","bf8c845fadfb431ba0c18ddb354b7831","2","e","2026/3/2 03:00:07"
"2b49a653d596475dbba7a7e25d8e78f1","230904100562","2023/9/4 08:19:59","2248","南库区老12号仓","20230314-2248-1114-15135","1","8","21339#21221","3,4,2,4,6|5,3,4,5,2","531","无","91","张宝侠","2023/9/4 19:20:32","91","张宝侠","2023/11/14 13:54:10","161","仓储管理科","100101006","陕西省储备粮扶风直属库有限公司","bf8c845fadfb431ba0c18ddb354b7831","2","e","2026/3/2 03:00:07"
"8bfe256433544c7481036c89ac2a10fa","230904100563","2023/9/4 08:00:00","2235","南库区新10号仓","20230314-2235-1114-15123","1","7","21339#21221","3,4,2,4,6|5,3,4,5,1","531","无","94","郭君","2023/9/4 19:21:50","94","郭君","2023/11/14 13:54:10","161","仓储管理科","100101006","陕西省储备粮扶风直属库有限公司","d518b8cac9b64f4b9d8e418e3373eeef","2","e","2026/3/2 03:00:07"
"564d64322163458fa8ada9172d65c429","230904100564","2023/9/4 08:00:00","2236","南库区新11号仓","20230314-2236-1114-15124","1","4","21339#21221","3,4,2,4,6|5,3,4,5,1","531","无","94","郭君","2023/9/4 19:23:02","94","郭君","2023/11/14 13:54:10","161","仓储管理科","100101006","陕西省储备粮扶风直属库有限公司","d518b8cac9b64f4b9d8e418e3373eeef","2","e","2026/3/2 03:00:07"
"fe6263f749b5418e9729a765f644dce3","230904100565","2023/9/4 08:00:00","2237","南库区新12号仓","20230314-2237-1114-15125","1","5","21339#21343","3,4,2,4,6|5,3,4,5,2","531","无","94","郭君","2023/9/4 19:24:06","94","郭君","2023/11/14 13:54:11","161","仓储管理科","100101006","陕西省储备粮扶风直属库有限公司","d518b8cac9b64f4b9d8e418e3373eeef","2","e","2026/3/2 03:00:07"
"871e71cbe8ea45598d415c0778b1e881","230904100566","2023/9/4 08:00:00","2232","南库区新7号仓","20230625-2232-1114-15492","1","5","21339#21221","3,4,2,4,6|5,3,4,5,2","531","无","97","崔熙林","2023/9/4 19:25:08","97","崔熙林","2023/11/14 13:54:11","161","仓储管理科","100101006","陕西省储备粮扶风直属库有限公司","b916b73b8ad946fcaec4d3526010b4d9","2","e","2026/3/2 03:00:07"
"b1a2137e76154a868c5edea8713fc6df","230904100567","2023/9/4 08:00:00","2241","南库区新16号仓","20230314-2241-1114-15129","1","7","21339#21221","3,4,2,4,6|5,3,4,5,5","531","无","97","崔熙林","2023/9/4 19:25:43","97","崔熙林","2023/11/14 13:54:11","161","仓储管理科","100101006","陕西省储备粮扶风直属库有限公司","b916b73b8ad946fcaec4d3526010b4d9","2","e","2026/3/2 03:00:07"
"cdfe4288d7594c96a50a08d469c44b44","230904100568","2023/9/4 08:00:00","2245","南库区老8号仓","20230314-2245-1114-15132","1","8","21314#21221","4,4,2,4,6|5,3,4,5,2","531","无","97","崔熙林","2023/9/4 19:26:34","97","崔熙林","2023/11/14 13:54:11","161","仓储管理科","100101006","陕西省储备粮扶风直属库有限公司","b916b73b8ad946fcaec4d3526010b4d9","2","e","2026/3/2 03:00:07"
"001e0f82d5644523b6b30b5b29ebab4e","230904100569","2023/9/4 08:29:30","2228","南库区新3号仓","20230314-2228-1114-15108","1","7","21314#21221","3,4,2,4,6|5,3,4,5,2","531","无","89","范乃娟","2023/9/4 19:29:57","89","范乃娟","2023/11/14 13:54:12","161","仓储管理科","100101006","陕西省储备粮扶风直属库有限公司","25a97e81ce9842cba4fab31fe2b1b1d1","2","e","2026/3/2 03:00:08"
"dcb5af2c37454346964778c4df1fee24","230904100570","2023/9/4 08:00:00","2230","南库区新5号仓","20230314-2230-1114-15111","1","7","21314#21221","3,4,2,4,6|5,3,4,5,5","531","无","89","范乃娟","2023/9/4 19:30:24","89","范乃娟","2023/11/14 13:54:12","161","仓储管理科","100101006","陕西省储备粮扶风直属库有限公司","25a97e81ce9842cba4fab31fe2b1b1d1","2","e","2026/3/2 03:00:08"
"5d9dc8bf1fd8410babd79e3f0b66e058","230904100571","2023/9/4 08:00:00","2555","南库区新9号仓","20230314-2555-1114-15122","1","5","21314#21221","4,4,2,4,6|5,3,4,5,2","531","无","89","范乃娟","2023/9/4 19:30:50","89","范乃娟","2023/11/14 13:54:12","161","仓储管理科","100101006","陕西省储备粮扶风直属库有限公司","25a97e81ce9842cba4fab31fe2b1b1d1","2","e","2026/3/2 03:00:08"
"58909c6e200a4acbb9940530d50a1a8d","240729104320","2024/7/29 09:06:00","2243","南库区老4号仓","20230314-2243-1114-15130","1","1,2,1|1,3,2","21314#21211","6|3","532","","1405","刘斌","2024/7/29 08:44:53","89","范乃娟","2024/8/28 08:28:55","122","陕西省储备粮扶风直属库有限公司","100101006","陕西省储备粮扶风直属库有限公司","b3fd108105a64e8e9ef1ccbd23f4e011","3","i","2026/1/27 03:10:12"
"5486c02a7cab4179b1d98b87fe57f9ac","240729104321","2024/7/29 08:05:02","2246","南库区老10号仓","20230314-2246-1114-15133","1","1,2,3|1,2,3","21314#21221","5|4","532","","1405","刘斌","2024/7/29 08:47:41","1405","刘斌","2024/7/29 08:47:49","122","陕西省储备粮扶风直属库有限公司","100101006","陕西省储备粮扶风直属库有限公司","b3fd108105a64e8e9ef1ccbd23f4e011","2","i","2026/1/27 03:10:12"
"5975c385b9a94fd28e2e3a6a72724fc6","240729104322","2024/7/29 08:13:02","2242","南库区老2号仓","20230313-2242-1114-15107","1","1,3,5|1,2,3","21314#21211","4|5","532","","90","辛莹","2024/7/29 08:54:32","90","辛莹","2024/7/29 08:54:42","161","仓储管理科","100101006","陕西省储备粮扶风直属库有限公司","6cc0722f8c6e49a295b67368ed5460d0","3","i","2026/1/27 03:10:12"
"8e1894f9840749a2ba9976ed7d55e957","240729104323","2024/7/29 08:59:00","2229","南库区新4号仓","20230314-2229-1114-15110","1","1,3,4|1,3,4","21314#21211","5|3","532","","90","辛莹","2024/7/29 08:56:45","90","辛莹","2024/7/29 08:56:54","161","仓储管理科","100101006","陕西省储备粮扶风直属库有限公司","6cc0722f8c6e49a295b67368ed5460d0","3","i","2026/1/27 03:10:12"
"793cd9e458cd4ac89060285afd28b0ec","240729104324","2024/7/29 09:00:00","2233","南库区新8号仓","20230314-2233-1114-15121","1","1,5,2|1,4,2","21211#21314","5|3","532","","90","辛莹","2024/7/29 08:58:45","89","范乃娟","2024/8/27 08:24:38","161","仓储管理科","100101006","陕西省储备粮扶风直属库有限公司","6cc0722f8c6e49a295b67368ed5460d0","3","i","2026/1/27 03:10:12"
"b730d84518964db0ba45f073c7f470fb","240729104325","2024/7/29 09:04:02","2235","南库区新10号仓","20230314-2235-1114-15123","1","1,3,5","21314","6","","","115","杨少锋","2024/7/29 09:03:08","115","杨少锋","2024/7/29 09:06:33","122","陕西省储备粮扶风直属库有限公司","100101006","陕西省储备粮扶风直属库有限公司","9ebd0b3542d74d3bb4e7842f23462f1b","2","e","2026/3/2 03:00:08"
"93f11689c0d842c784286dbfca8838e6","240729104326","2024/7/29 09:08:10","2236","南库区新11号仓","20231016-2236-1114-15568","1","1,2,3|1,3,5","21314#21211","5|5","532","","115","杨少锋","2024/7/29 09:04:37","89","范乃娟","2024/8/27 08:24:54","122","陕西省储备粮扶风直属库有限公司","100101006","陕西省储备粮扶风直属库有限公司","9ebd0b3542d74d3bb4e7842f23462f1b","3","i","2026/1/27 03:10:13"
"bd051bf23fe245938d8feb2ee234ae6b","240729104327","2024/7/29 09:07:07","2237","南库区新12号仓","20230314-2237-1114-15125","1","1,2,4|1,2,4","21314#21211","5|3","532","","115","杨少锋","2024/7/29 09:06:26","89","范乃娟","2024/8/27 08:25:02","122","陕西省储备粮扶风直属库有限公司","100101006","陕西省储备粮扶风直属库有限公司","9ebd0b3542d74d3bb4e7842f23462f1b","3","i","2026/1/27 03:10:13"
"a420c9297df84b40bd1bf7ce2d64e1e6","240729104328","2024/7/29 09:03:05","2235","南库区新10号仓","20230314-2235-1114-15123","1","1,3,4","21314","6","532","","115","杨少锋","2024/7/29 09:13:08","89","范乃娟","2024/8/27 08:24:50","122","陕西省储备粮扶风直属库有限公司","100101006","陕西省储备粮扶风直属库有限公司","9ebd0b3542d74d3bb4e7842f23462f1b","3","i","2026/1/27 03:10:13"
"746f5c43b76d4459a62712738c8f0d03","240729104329","2024/7/29 09:15:15","2238","南库区新13号仓","20230314-2238-1114-15126","1","1,8,3|1,7,2","21314#21211","6|2","532","","92","付祥","2024/7/29 09:15:31","89","范乃娟","2024/8/28 08:29:00","161","仓储管理科","100101006","陕西省储备粮扶风直属库有限公司","abf32cb53d9b4b8f9ce1e2d07c8bc005","3","i","2026/1/27 03:10:13"
"b60a7b10fb034404b366fe9c4be7f055","240729104330","2024/7/29 09:15:38","2239","南库区新14号仓","20230314-2239-1114-15127","1","1,9,3|1,8,2","21314#21211","4|4","532","","92","付祥","2024/7/29 09:16:51","89","范乃娟","2024/8/28 08:29:05","161","仓储管理科","100101006","陕西省储备粮扶风直属库有限公司","abf32cb53d9b4b8f9ce1e2d07c8bc005","3","i","2026/1/27 03:10:13"
"ec284b378c7e4b4fba1e36d6af8baae5","240729104331","2024/7/29 09:17:58","2240","南库区新15号仓","20230314-2240-1114-15128","1","1,7,2|1,6,3","21314#21211","5|3","532","","92","付祥","2024/7/29 09:18:33","89","范乃娟","2024/8/28 08:29:09","161","仓储管理科","100101006","陕西省储备粮扶风直属库有限公司","abf32cb53d9b4b8f9ce1e2d07c8bc005","3","i","2026/1/27 03:10:13"
"ba99a4c7838f4b7e808b66b1c407b8b9","240729104332","2024/7/29 09:20:42","2227","南库区新2号仓","20230314-2227-1114-15109","1","1,7,1|1,8,2","21211#21314","4|3","532","","96","韩嘉鑫","2024/7/29 09:22:04","89","范乃娟","2024/8/27 08:24:43","161","仓储管理科","100101006","陕西省储备粮扶风直属库有限公司","a0ee77e91c104d0ca8d3ce878b9b9b9c","3","i","2026/1/27 03:10:13"
"5d16399f4f504cd2af841cfcccf821ec","240729104333","2024/7/29 09:22:39","2231","南库区新6号仓","20230314-2231-1114-15114","1","1,5,2|1,7,2","21314#21211","6|3","532","","96","韩嘉鑫","2024/7/29 09:23:40","89","范乃娟","2024/8/27 08:24:33","161","仓储管理科","100101006","陕西省储备粮扶风直属库有限公司","a0ee77e91c104d0ca8d3ce878b9b9b9c","3","i","2026/1/27 03:10:13"
"9d04d0990e0f4ec1b0548fcb0d4f52b8","240729104334","2024/7/29 09:24:13","2244","南库区老6号仓","20230314-2244-1114-15131","1","1,5,3|1,7,3","21314#21211","4|3","532","","96","韩嘉鑫","2024/7/29 09:25:23","89","范乃娟","2024/8/28 08:28:51","161","仓储管理科","100101006","陕西省储备粮扶风直属库有限公司","a0ee77e91c104d0ca8d3ce878b9b9b9c","3","i","2026/1/27 03:10:14"
"2e7c08f592184e958f9f5a8248bd8697","240729104335","2024/7/29 09:29:39","2226","南库区新1号仓","20231205-2226-1114-15703","1","1,8,6|1,9,6","21314#21211","5|4","532","","91","张宝侠","2024/7/29 09:31:59","89","范乃娟","2024/8/27 08:25:07","161","仓储管理科","100101006","陕西省储备粮扶风直属库有限公司","bf8c845fadfb431ba0c18ddb354b7831","3","i","2026/1/27 03:10:14"
"0006fdec689c4c7db92c8b4a72fde20d","240729104336","2024/7/29 09:32:13","2246","南库区老10号仓","20230314-2246-1114-15133","1","1,9,2|1,11,2","21314#21221","6|3","532","","91","张宝侠","2024/7/29 09:33:30","89","范乃娟","2024/8/28 08:28:38","161","仓储管理科","100101006","陕西省储备粮扶风直属库有限公司","bf8c845fadfb431ba0c18ddb354b7831","3","i","2026/1/27 03:10:14"
"2f54914bd4c64082904b56be85869372","240729104337","2024/7/29 09:33:38","2248","南库区老12号仓","20230314-2248-1114-15135","1","1,9,2|1,10,3","21314#21211","5|4","532","","91","张宝侠","2024/7/29 09:35:25","89","范乃娟","2024/8/28 08:28:28","161","仓储管理科","100101006","陕西省储备粮扶风直属库有限公司","bf8c845fadfb431ba0c18ddb354b7831","3","i","2026/1/27 03:10:14"
"4386318177594c9baabd314938578cac","240729104338","2024/7/29 09:38:01","2228","南库区新3号仓","20231208-2228-1114-15708","1","1,9,7|1,10,6","21211#21314","5|4","532","","117","赵毅","2024/7/29 09:39:07","89","范乃娟","2024/8/27 08:24:23","122","陕西省储备粮扶风直属库有限公司","100101006","陕西省储备粮扶风直属库有限公司","65b30790e62e403daa4e4617f2df01d1","3","i","2026/1/27 03:10:14"
"96027017b39a4d33863a6a7a78d1def8","240729104339","2024/7/29 09:39:18","2230","南库区新5号仓","20230314-2230-1114-15111","1","1,7,4|1,9,4","21211#21314","5|3","532","","117","赵毅","2024/7/29 09:40:58","89","范乃娟","2024/8/27 08:24:16","122","陕西省储备粮扶风直属库有限公司","100101006","陕西省储备粮扶风直属库有限公司","65b30790e62e403daa4e4617f2df01d1","3","i","2026/1/27 03:10:14"
"db8c11256d4c4081abcce3ad1713c7e5","240729104340","2024/7/29 09:41:04","2555","南库区新9号仓","20230314-2555-1114-15122","1","1,7,4","21211","8","532","","117","赵毅","2024/7/29 09:41:55","89","范乃娟","2024/8/27 08:24:28","122","陕西省储备粮扶风直属库有限公司","100101006","陕西省储备粮扶风直属库有限公司","65b30790e62e403daa4e4617f2df01d1","3","i","2026/1/27 03:10:14"
"0d94507c96c9484684d03326c6d5a5cd","240729104341","2024/7/29 09:42:45","2232","南库区新7号仓","20230625-2232-1114-15492","1","1,9,6|1,10,7","21314#21211","5|5","532","","97","崔熙林","2024/7/29 09:44:09","89","范乃娟","2024/8/27 08:25:11","161","仓储管理科","100101006","陕西省储备粮扶风直属库有限公司","b916b73b8ad946fcaec4d3526010b4d9","3","i","2026/1/27 03:10:14"
"edbad1c38d6043cd9c458c86cef56810","240729104342","2024/7/29 09:44:16","2241","南库区新16号仓","20230314-2241-1114-15129","1","1,6,3|1,7,4","21314#21211","5|3","532","","97","崔熙林","2024/7/29 09:46:02","89","范乃娟","2024/8/28 08:29:13","161","仓储管理科","100101006","陕西省储备粮扶风直属库有限公司","b916b73b8ad946fcaec4d3526010b4d9","3","i","2026/1/27 03:10:14"
"2600e5b712ab4c9380a69830de4a15e2","240729104343","2024/7/29 09:46:11","2245","南库区老8号仓","20230314-2245-1114-15132","1","1,7,4|1,8,4","21314#21211","5|3","532","","97","崔熙林","2024/7/29 09:47:24","89","范乃娟","2024/8/28 08:28:47","161","仓储管理科","100101006","陕西省储备粮扶风直属库有限公司","b916b73b8ad946fcaec4d3526010b4d9","3","i","2026/1/27 03:10:15"
"15d25f95c08a4523a2741c1e7b876c36","240729104345","2024/7/29 10:34:45","2233","南库区新8号仓","20230314-2233-1114-15121","1","1,7,3|1,8,2","21211#21314","5|3","532","","90","辛莹","2024/7/29 10:36:07","90","辛莹","2024/7/29 10:36:17","161","仓储管理科","100101006","陕西省储备粮扶风直属库有限公司","6cc0722f8c6e49a295b67368ed5460d0","3","i","2026/1/27 03:10:15"
"dc30b4d3cd9442739d340c753394c48b","240730104356","2024/7/29 09:02:02","2229","南库区新4号仓","20230314-2229-1114-15110","1","1,7,3|1,9,2","21314#21211","5|3","532","","90","辛莹","2024/7/30 09:27:21","89","范乃娟","2024/8/27 08:25:15","161","仓储管理科","100101006","陕西省储备粮扶风直属库有限公司","6cc0722f8c6e49a295b67368ed5460d0","3","i","2026/1/27 03:10:15"
"77bdd13e8f7d46129b5f579e2b7c0be1","240731104368","2024/7/29 10:00:00","2247","南库区老11号仓","20230314-2247-1114-15134","1","1,7,2|1,6,2","21314#21221","6|3","532","","91","张宝侠","2024/7/31 08:33:47","89","范乃娟","2024/8/28 08:28:32","161","仓储管理科","100101006","陕西省储备粮扶风直属库有限公司","bf8c845fadfb431ba0c18ddb354b7831","3","i","2026/1/27 03:10:15"
"289503cd6ebf4bc295a9ef793c26318d","240731104371","2024/7/29 09:00:00","2242","南库区老2号仓","20230313-2242-1114-15107","1","1,5,2|1,8,3","21314#21211","4|5","532","","90","辛莹","2024/7/31 08:53:17","89","范乃娟","2024/8/28 08:28:23","161","仓储管理科","100101006","陕西省储备粮扶风直属库有限公司","6cc0722f8c6e49a295b67368ed5460d0","3","i","2026/1/27 03:10:15"
"ceaa8a1bfd2447f2923f9be5a7ee2e04","250728105337","2025/7/28 10:01:46","2243","南库区老4号仓","20230314-2243-1114-15130","1","1,2,3|1,5,4","21211#21314","5|2","532","","1405","刘斌","2025/7/28 10:02:21","89","范乃娟","2025/8/28 08:15:17","122","陕西省储备粮扶风直属库有限公司","100101006","陕西省储备粮扶风直属库有限公司","b3fd108105a64e8e9ef1ccbd23f4e011","3","i","2026/1/27 03:10:15"
"fc1c4f40a99a482795c822aea612318c","250728105338","2025/7/28 10:08:42","2228","南库区新3号仓","20231208-2228-1114-15708","1","1,2,3","21221","4","532","","117","赵毅","2025/7/28 10:09:11","89","范乃娟","2025/8/28 08:15:28","122","陕西省储备粮扶风直属库有限公司","100101006","陕西省储备粮扶风直属库有限公司","65b30790e62e403daa4e4617f2df01d1","3","i","2026/1/27 03:10:15"
"11688524f4e64f9999ad1594f831a3de","250728105339","2025/7/28 10:10:49","2236","南库区新11号仓","20231016-2236-1114-15568","1","1,1,1","21221","6","532","","115","杨少锋","2025/7/28 10:11:20","89","范乃娟","2025/8/28 08:14:29","122","陕西省储备粮扶风直属库有限公司","100101006","陕西省储备粮扶风直属库有限公司","9ebd0b3542d74d3bb4e7842f23462f1b","3","i","2026/1/27 03:10:15"
"1ff0b4e512164f09b574120b1ecf4838","250728105340","2025/7/28 10:11:36","2237","南库区新12号仓","20230314-2237-1114-15125","1","1,3,2","21211","7","532","","115","杨少锋","2025/7/28 10:12:00","89","范乃娟","2025/8/28 08:14:22","122","陕西省储备粮扶风直属库有限公司","100101006","陕西省储备粮扶风直属库有限公司","9ebd0b3542d74d3bb4e7842f23462f1b","3","i","2026/1/27 03:10:15"
"75d05b402a824d9cb1cbedd3f818f8d6","250728105341","2025/7/28 10:13:29","2238","南库区新13号仓","20230314-2238-1114-15126","1","1,3,4|1,2,2","21314#21211","4|2","531","","92","付祥","2025/7/28 10:13:59","92","付祥","2025/7/28 10:15:38","161","仓储管理科","100101006","陕西省储备粮扶风直属库有限公司","abf32cb53d9b4b8f9ce1e2d07c8bc005","0","d","2025/7/29 03:06:21"
"51c94c1439324e789a277e25004f50c6","250728105342","2025/7/28 10:14:24","2239","南库区新14号仓","20230314-2239-1114-15127","1","1,2,3","21221","6","532","","92","付祥","2025/7/28 10:14:54","89","范乃娟","2025/8/28 08:15:13","161","仓储管理科","100101006","陕西省储备粮扶风直属库有限公司","abf32cb53d9b4b8f9ce1e2d07c8bc005","3","i","2026/1/27 03:10:16"
"c5c3be6cec174ec19f9398855c42f582","250728105350","2025/7/28 10:24:55","2226","南库区新1号仓","20231205-2226-1114-15703","1","1,3,2|1,2,1","21314#21221","4|5","532","","91","张宝侠","2025/7/28 10:25:32","89","范乃娟","2025/8/28 08:15:33","161","仓储管理科","100101006","陕西省储备粮扶风直属库有限公司","bf8c845fadfb431ba0c18ddb354b7831","3","i","2026/1/27 03:10:16"
"6a5d5fb16d4c47258cd532854beb91bb","250728105354","2025/7/28 10:27:44","2232","南库区新7号仓","20230625-2232-1114-15492","1","1,2,2|1,1,3","21211#21314","4|5","532","","97","崔熙林","2025/7/28 10:28:44","89","范乃娟","2025/8/28 08:15:22","161","仓储管理科","100101006","陕西省储备粮扶风直属库有限公司","b916b73b8ad946fcaec4d3526010b4d9","3","i","2026/1/27 03:10:16"
"0d15dc072e30442f9e8a00dc935e5480","250728105355","2025/7/28 10:28:56","2241","南库区新16号仓","20250609-2241-1114-16221","1","1,2,3|1,1,1","21211#21221","5|4","532","","97","崔熙林","2025/7/28 10:29:29","89","范乃娟","2025/8/28 08:15:25","161","仓储管理科","100101006","陕西省储备粮扶风直属库有限公司","b916b73b8ad946fcaec4d3526010b4d9","3","i","2026/1/27 03:10:16"
"d978b5d84dd649fe8decaffba8392eb5","250729105415","2025/7/28 00:00:00","2238","南库区新13号仓","20230314-2238-1114-15126","1","1,2,3|1,1,2","21314#21211","4|4","532","","92","付祥","2025/7/29 15:00:52","89","范乃娟","2025/8/28 08:14:34","161","仓储管理科","100101006","陕西省储备粮扶风直属库有限公司","abf32cb53d9b4b8f9ce1e2d07c8bc005","3","i","2026/1/27 03:10:16"
"a2b775118af8444fb13d1faff5d08735","250922105657","2025/9/22 09:09:02","2240","南库区新15号仓","20250715-2240-1114-16316","1","2,5,7","21211","8","532","","92","付祥","2025/9/22 08:22:33","89","范乃娟","2025/10/27 08:29:20","161","仓储管理部","100101006","陕西省储备粮扶风直属库有限公司","abf32cb53d9b4b8f9ce1e2d07c8bc005","3","i","2026/1/27 03:10:16"
"c5edd889d7b749e2a8f4ceba00307f4d","250922105658","2025/9/22 08:00:00","2235","南库区新10号仓","20250807-2235-1114-16347","1","1,2,5","21211","5","532","","115","杨少锋","2025/9/22 08:24:53","89","范乃娟","2025/10/27 08:29:15","122","陕西省储备粮扶风直属库有限公司","100101006","陕西省储备粮扶风直属库有限公司","9ebd0b3542d74d3bb4e7842f23462f1b","3","i","2026/1/27 03:10:16"
"b96a918fd5484fc1b491d30a15067874","251202105748","2025/11/24 09:00:00","2229","南库区新4号仓","20251017-2229-1114-16398","1","2,5,5|1,3,5","21211#21314","2|1","532","","90","辛莹","2025/12/2 11:56:56","89","范乃娟","2026/1/1 08:32:43","161","仓储管理部","100101006","陕西省储备粮扶风直属库有限公司","6cc0722f8c6e49a295b67368ed5460d0","3","i","2026/1/27 03:10:16"
